antibody,site,wildtype,site_total_escape,strong_escape_site,site_threshold,site_max_escape,site_category
C002,331,N,0.03108,FALSE,0.872,0.001991,distal
C002,332,I,0.03746,FALSE,0.872,0.002003,distal
C002,333,T,0.0354,FALSE,0.872,0.002005,distal
C002,334,N,0.03533,FALSE,0.872,0.002053,distal
C002,335,L,0.03766,FALSE,0.872,0.002058,distal
C002,336,C,0.00398,FALSE,0.872,0.00398,distal
C002,337,P,0.02925,FALSE,0.872,0.003305,distal
C002,338,F,0.009903,FALSE,0.872,0.002016,distal
C002,339,G,0.0355,FALSE,0.872,0.002083,distal
C002,340,E,0.0259,FALSE,0.872,0.006307,distal
C002,341,V,0.003853,FALSE,0.872,0.001968,distal
C002,342,F,0.005872,FALSE,0.872,0.001997,distal
C002,344,A,0.01202,FALSE,0.872,0.002062,distal
C002,345,T,0.01963,FALSE,0.872,0.007779,proximal
C002,346,R,0.03529,FALSE,0.872,0.002052,distal
C002,347,F,0.00198,FALSE,0.872,0.00198,distal
C002,348,A,0.01996,FALSE,0.872,0.002216,distal
C002,349,S,0.00418,FALSE,0.872,0.002216,proximal
C002,351,Y,0.006161,FALSE,0.872,0.002216,proximal
C002,352,A,0.02598,FALSE,0.872,0.006017,distal
C002,353,W,0.001968,FALSE,0.872,0.001968,distal
C002,354,N,0.01764,FALSE,0.872,0.001973,distal
C002,356,K,0.02571,FALSE,0.872,0.002216,distal
C002,357,R,0.0334,FALSE,0.872,0.002064,distal
C002,358,I,0.01371,FALSE,0.872,0.002008,distal
C002,359,S,0.03324,FALSE,0.872,0.002029,distal
C002,360,N,0.01357,FALSE,0.872,0.001994,distal
C002,361,C,0.007288,FALSE,0.872,0.005266,distal
C002,362,V,0.04569,FALSE,0.872,0.01236,distal
C002,363,A,0.02751,FALSE,0.872,0.002028,distal
C002,365,Y,0.02164,FALSE,0.872,0.002047,distal
C002,366,S,0.03631,FALSE,0.872,0.003622,distal
C002,367,V,0.03737,FALSE,0.872,0.002016,distal
C002,368,L,0.007931,FALSE,0.872,0.002027,distal
C002,369,Y,0.04767,FALSE,0.872,0.008157,proximal
C002,370,N,0.02751,FALSE,0.872,0.002019,proximal
C002,371,S,0.03703,FALSE,0.872,0.002024,proximal
C002,372,A,0.03546,FALSE,0.872,0.002049,contact
C002,373,S,0.03781,FALSE,0.872,0.002245,proximal
C002,374,F,0.02381,FALSE,0.872,0.002059,proximal
C002,375,S,0.01763,FALSE,0.872,0.002023,contact
C002,376,T,0.02591,FALSE,0.872,0.002125,contact
C002,377,F,0.009842,FALSE,0.872,0.001988,proximal
C002,378,K,0.02785,FALSE,0.872,0.002216,contact
C002,380,Y,0.003931,FALSE,0.872,0.001966,proximal
C002,381,G,0.016,FALSE,0.872,0.006117,distal
C002,382,V,0.01381,FALSE,0.872,0.002047,distal
C002,383,S,0.03924,FALSE,0.872,0.009415,distal
C002,384,P,0.03338,FALSE,0.872,0.002062,proximal
C002,385,T,0.03708,FALSE,0.872,0.001987,distal
C002,386,K,0.03188,FALSE,0.872,0.002057,distal
C002,387,L,0.003917,FALSE,0.872,0.001962,distal
C002,388,N,0.0381,FALSE,0.872,0.01261,distal
C002,389,D,0.03159,FALSE,0.872,0.002043,distal
C002,390,L,0.03556,FALSE,0.872,0.00206,distal
C002,391,C,0.03747,FALSE,0.872,0.00204,distal
C002,392,F,0.02938,FALSE,0.872,0.005505,distal
C002,393,T,0.03162,FALSE,0.872,0.002017,distal
C002,394,N,0.03736,FALSE,0.872,0.002069,distal
C002,395,V,0.02338,FALSE,0.872,0.01553,distal
C002,396,Y,0.02181,FALSE,0.872,0.002063,distal
C002,397,A,0.007838,FALSE,0.872,0.001967,distal
C002,399,S,0.001996,FALSE,0.872,0.001996,distal
C002,401,V,0.001966,FALSE,0.872,0.001966,distal
C002,402,I,0.005922,FALSE,0.872,0.001996,distal
C002,403,R,0.009866,FALSE,0.872,0.001986,proximal
C002,404,G,0.003947,FALSE,0.872,0.00198,proximal
C002,405,D,0.01156,FALSE,0.872,0.001976,contact
C002,406,E,0.005891,FALSE,0.872,0.00197,proximal
C002,407,V,0.003957,FALSE,0.872,0.002023,proximal
C002,408,R,0.02549,FALSE,0.872,0.00198,contact
C002,409,Q,0.00197,FALSE,0.872,0.00197,proximal
C002,410,I,0.001979,FALSE,0.872,0.001979,distal
C002,411,A,0.009996,FALSE,0.872,0.002182,proximal
C002,413,G,0.02367,FALSE,0.872,0.002034,distal
C002,414,Q,0.02194,FALSE,0.872,0.002061,proximal
C002,415,T,0.02762,FALSE,0.872,0.002037,proximal
C002,417,K,0.04829,FALSE,0.872,0.005139,proximal
C002,418,I,0.002011,FALSE,0.872,0.002011,distal
C002,419,A,0.003946,FALSE,0.872,0.002,distal
C002,420,D,0.01595,FALSE,0.872,0.002067,distal
C002,421,Y,0.01448,FALSE,0.872,0.008509,distal
C002,424,K,0.003983,FALSE,0.872,0.002003,distal
C002,425,L,0.006006,FALSE,0.872,0.002033,distal
C002,427,D,0.03615,FALSE,0.872,0.00247,distal
C002,428,D,0.02168,FALSE,0.872,0.00207,distal
C002,429,F,0.002016,FALSE,0.872,0.002016,distal
C002,430,T,0.02943,FALSE,0.872,0.001996,distal
C002,433,V,0.001986,FALSE,0.872,0.001986,proximal
C002,434,I,0.01166,FALSE,0.872,0.001954,distal
C002,435,A,0.003922,FALSE,0.872,0.001983,proximal
C002,437,N,0.001976,FALSE,0.872,0.001976,proximal
C002,438,S,0.003933,FALSE,0.872,0.001967,proximal
C002,439,N,0.01972,FALSE,0.872,0.002216,proximal
C002,440,N,0.03581,FALSE,0.872,0.002216,contact
C002,441,L,0.01774,FALSE,0.872,0.002216,proximal
C002,443,S,0.01589,FALSE,0.872,0.002067,proximal
C002,444,K,0.0373,FALSE,0.872,0.002021,contact
C002,445,V,0.0708,FALSE,0.872,0.01939,contact
C002,446,G,0.03756,FALSE,0.872,0.002048,proximal
C002,447,G,0.04576,FALSE,0.872,0.01212,proximal
C002,448,N,0.04115,FALSE,0.872,0.01485,proximal
C002,449,Y,0.04779,FALSE,0.872,0.007238,contact
C002,450,N,0.06731,FALSE,0.872,0.02032,contact
C002,451,Y,0.01178,FALSE,0.872,0.001969,proximal
C002,452,L,3.449,TRUE,0.872,0.986,contact
C002,453,Y,0.01568,FALSE,0.872,0.002026,contact
C002,455,L,6.268,TRUE,0.872,0.9452,contact
C002,456,F,8.482,TRUE,0.872,0.9994,proximal
C002,458,K,0.044,FALSE,0.872,0.009299,distal
C002,459,S,0.03928,FALSE,0.872,0.004953,distal
C002,460,N,0.03613,FALSE,0.872,0.002742,distal
C002,461,L,0.005862,FALSE,0.872,0.001981,distal
C002,462,K,0.03843,FALSE,0.872,0.006664,distal
C002,463,P,0.002022,FALSE,0.872,0.002022,distal
C002,464,F,0.01974,FALSE,0.872,0.002009,distal
C002,465,E,0.007811,FALSE,0.872,0.001969,distal
C002,466,R,0.005987,FALSE,0.872,0.002053,distal
C002,468,I,0.03664,FALSE,0.872,0.004346,proximal
C002,469,S,0.01982,FALSE,0.872,0.002047,proximal
C002,470,T,0.0407,FALSE,0.872,0.008738,contact
C002,471,E,0.03554,FALSE,0.872,0.002023,contact
C002,472,I,4.908,TRUE,0.872,0.9418,contact
C002,473,Y,1.807,TRUE,0.872,0.9272,contact
C002,474,Q,0.02592,FALSE,0.872,0.002216,distal
C002,475,A,0.03453,FALSE,0.872,0.004211,proximal
C002,476,G,0.01985,FALSE,0.872,0.002068,proximal
C002,477,S,0.03106,FALSE,0.872,0.002007,proximal
C002,478,T,0.03752,FALSE,0.872,0.002081,proximal
C002,479,P,0.03537,FALSE,0.872,0.002033,proximal
C002,481,N,0.03508,FALSE,0.872,0.002056,contact
C002,482,G,0.7012,FALSE,0.872,0.6026,contact
C002,483,V,4.483,TRUE,0.872,0.8004,contact
C002,484,E,17.44,TRUE,0.872,1,contact
C002,485,G,2.642,TRUE,0.872,0.9761,contact
C002,486,F,7.237,TRUE,0.872,0.9405,contact
C002,487,N,0.08146,FALSE,0.872,0.05584,contact
C002,489,Y,1.383,TRUE,0.872,0.751,contact
C002,490,F,10.64,TRUE,0.872,0.9928,contact
C002,492,L,1.461,TRUE,0.872,0.8143,contact
C002,493,Q,11.06,TRUE,0.872,0.9897,contact
C002,494,S,1.284,TRUE,0.872,0.7455,contact
C002,496,G,0.04267,FALSE,0.872,0.009338,proximal
C002,498,Q,0.04196,FALSE,0.872,0.008551,proximal
C002,499,P,0.02956,FALSE,0.872,0.00203,proximal
C002,500,T,0.03731,FALSE,0.872,0.001985,contact
C002,501,N,0.03149,FALSE,0.872,0.002002,proximal
C002,503,V,0.03575,FALSE,0.872,0.002331,contact
C002,504,G,0.03847,FALSE,0.872,0.003094,contact
C002,505,Y,0.01208,FALSE,0.872,0.002216,contact
C002,506,Q,0.008119,FALSE,0.872,0.002216,proximal
C002,507,P,0.001969,FALSE,0.872,0.001969,distal
C002,508,Y,0.0164,FALSE,0.872,0.002491,contact
C002,510,V,0.002045,FALSE,0.872,0.002045,distal
C002,512,V,0.001968,FALSE,0.872,0.001968,distal
C002,513,L,0.003936,FALSE,0.872,0.001969,distal
C002,514,S,0.0316,FALSE,0.872,0.002042,distal
C002,515,F,0.001967,FALSE,0.872,0.001967,distal
C002,516,E,0.01549,FALSE,0.872,0.001999,distal
C002,517,L,0.02348,FALSE,0.872,0.002,distal
C002,518,L,0.02751,FALSE,0.872,0.002023,distal
C002,519,H,0.02574,FALSE,0.872,0.002022,distal
C002,520,A,0.03359,FALSE,0.872,0.002216,distal
C002,521,P,0.01548,FALSE,0.872,0.002027,distal
C002,522,A,0.03158,FALSE,0.872,0.002216,distal
C002,523,T,0.003928,FALSE,0.872,0.001968,distal
C002,524,V,0.005894,FALSE,0.872,0.001979,distal
C002,525,C,0.01385,FALSE,0.872,0.00203,distal
C002,526,G,0.01965,FALSE,0.872,0.002016,distal
C002,527,P,0.03347,FALSE,0.872,0.002216,distal
C002,528,K,0.03986,FALSE,0.872,0.0064,distal
C002,529,K,0.04212,FALSE,0.872,0.008792,distal
C002,530,S,0.04261,FALSE,0.872,0.007352,distal
C002,531,T,0.03749,FALSE,0.872,0.002239,distal
C105,331,N,0.02081,FALSE,0.947,0.001363,distal
C105,332,I,0.02387,FALSE,0.947,0.001342,distal
C105,333,T,0.02257,FALSE,0.947,0.001406,distal
C105,334,N,0.02289,FALSE,0.947,0.001361,distal
C105,335,L,0.02393,FALSE,0.947,0.001329,distal
C105,336,C,0.001333,FALSE,0.947,0.001333,distal
C105,337,P,0.01754,FALSE,0.947,0.001364,distal
C105,338,F,0.006254,FALSE,0.947,0.001278,distal
C105,339,G,0.02307,FALSE,0.947,0.001424,distal
C105,340,E,0.01438,FALSE,0.947,0.001431,distal
C105,341,V,0.002551,FALSE,0.947,0.001277,distal
C105,342,F,0.004049,FALSE,0.947,0.001447,distal
C105,344,A,0.007707,FALSE,0.947,0.001324,distal
C105,345,T,0.008882,FALSE,0.947,0.001278,distal
C105,346,R,0.02792,FALSE,0.947,0.00659,distal
C105,347,F,0.001271,FALSE,0.947,0.001271,distal
C105,348,A,0.01267,FALSE,0.947,0.001301,distal
C105,349,S,0.002538,FALSE,0.947,0.001316,distal
C105,351,Y,0.003769,FALSE,0.947,0.001278,distal
C105,352,A,0.01411,FALSE,0.947,0.001406,distal
C105,353,W,0.001279,FALSE,0.947,0.001279,distal
C105,354,N,0.0114,FALSE,0.947,0.001302,distal
C105,356,K,0.01671,FALSE,0.947,0.001434,distal
C105,357,R,0.02169,FALSE,0.947,0.001362,distal
C105,358,I,0.008775,FALSE,0.947,0.001286,distal
C105,359,S,0.02179,FALSE,0.947,0.001364,distal
C105,360,N,0.008819,FALSE,0.947,0.001321,distal
C105,361,C,0.002558,FALSE,0.947,0.001279,distal
C105,362,V,0.02277,FALSE,0.947,0.001542,distal
C105,363,A,0.01782,FALSE,0.947,0.001331,distal
C105,365,Y,0.01412,FALSE,0.947,0.001402,distal
C105,366,S,0.02152,FALSE,0.947,0.001321,distal
C105,367,V,0.02436,FALSE,0.947,0.001378,distal
C105,368,L,0.005079,FALSE,0.947,0.001278,distal
C105,369,Y,0.02412,FALSE,0.947,0.001392,distal
C105,370,N,0.01762,FALSE,0.947,0.001329,distal
C105,371,S,0.02504,FALSE,0.947,0.001548,distal
C105,372,A,0.02271,FALSE,0.947,0.001335,distal
C105,373,S,0.02442,FALSE,0.947,0.001362,distal
C105,374,F,0.01529,FALSE,0.947,0.001324,distal
C105,375,S,0.01154,FALSE,0.947,0.001331,distal
C105,376,T,0.01682,FALSE,0.947,0.001422,distal
C105,377,F,0.006326,FALSE,0.947,0.001282,distal
C105,378,K,0.01755,FALSE,0.947,0.001334,distal
C105,380,Y,0.002552,FALSE,0.947,0.001276,distal
C105,381,G,0.007892,FALSE,0.947,0.001564,distal
C105,382,V,0.008999,FALSE,0.947,0.001357,distal
C105,383,S,0.01986,FALSE,0.947,0.001288,distal
C105,384,P,0.02171,FALSE,0.947,0.001405,distal
C105,385,T,0.02372,FALSE,0.947,0.001458,distal
C105,386,K,0.02021,FALSE,0.947,0.001368,distal
C105,387,L,0.002559,FALSE,0.947,0.001282,distal
C105,388,N,0.01786,FALSE,0.947,0.001321,distal
C105,389,D,0.02029,FALSE,0.947,0.001307,distal
C105,390,L,0.0233,FALSE,0.947,0.001517,distal
C105,391,C,0.02408,FALSE,0.947,0.001402,distal
C105,392,F,0.01871,FALSE,0.947,0.003482,distal
C105,393,T,0.02064,FALSE,0.947,0.001427,distal
C105,394,N,0.02431,FALSE,0.947,0.001451,distal
C105,395,V,0.006393,FALSE,0.947,0.001287,distal
C105,396,Y,0.0138,FALSE,0.947,0.001279,distal
C105,397,A,0.005161,FALSE,0.947,0.001332,distal
C105,399,S,0.001278,FALSE,0.947,0.001278,distal
C105,401,V,0.001281,FALSE,0.947,0.001281,distal
C105,402,I,0.003829,FALSE,0.947,0.001277,distal
C105,403,R,0.006592,FALSE,0.947,0.001459,contact
C105,404,G,0.002564,FALSE,0.947,0.001285,proximal
C105,405,D,0.007647,FALSE,0.947,0.001321,contact
C105,406,E,0.003878,FALSE,0.947,0.001321,proximal
C105,407,V,0.00266,FALSE,0.947,0.001384,distal
C105,408,R,0.01657,FALSE,0.947,0.001329,contact
C105,409,Q,0.00128,FALSE,0.947,0.00128,proximal
C105,410,I,0.001277,FALSE,0.947,0.001277,distal
C105,411,A,0.00582,FALSE,0.947,0.001278,distal
C105,413,G,0.01512,FALSE,0.947,0.001338,distal
C105,414,Q,0.01431,FALSE,0.947,0.001376,proximal
C105,415,T,0.05569,FALSE,0.947,0.02883,contact
C105,417,K,18.94,TRUE,0.947,1,contact
C105,418,I,0.001259,FALSE,0.947,0.001259,proximal
C105,419,A,0.00251,FALSE,0.947,0.001277,proximal
C105,420,D,6.981,TRUE,0.947,1,proximal
C105,421,Y,1.01,TRUE,0.947,0.9937,contact
C105,424,K,0.002889,FALSE,0.947,0.001505,distal
C105,425,L,0.003836,FALSE,0.947,0.0013,distal
C105,427,D,0.02402,FALSE,0.947,0.001541,distal
C105,428,D,0.02389,FALSE,0.947,0.0112,distal
C105,429,F,0.001275,FALSE,0.947,0.001275,distal
C105,430,T,0.01949,FALSE,0.947,0.001404,distal
C105,433,V,0.001301,FALSE,0.947,0.001301,distal
C105,434,I,0.007466,FALSE,0.947,0.001422,distal
C105,435,A,0.002603,FALSE,0.947,0.001316,distal
C105,437,N,0.001287,FALSE,0.947,0.001287,distal
C105,438,S,0.002545,FALSE,0.947,0.001279,distal
C105,439,N,0.01282,FALSE,0.947,0.001321,distal
C105,440,N,0.02266,FALSE,0.947,0.001332,distal
C105,441,L,0.05729,FALSE,0.947,0.047,distal
C105,443,S,0.01006,FALSE,0.947,0.001282,distal
C105,444,K,0.03329,FALSE,0.947,0.0104,distal
C105,445,V,0.02519,FALSE,0.947,0.00194,distal
C105,446,G,0.02396,FALSE,0.947,0.001299,proximal
C105,447,G,0.02309,FALSE,0.947,0.001355,proximal
C105,448,N,0.01791,FALSE,0.947,0.001336,distal
C105,449,Y,0.02387,FALSE,0.947,0.001306,proximal
C105,450,N,0.02405,FALSE,0.947,0.001552,distal
C105,451,Y,0.007643,FALSE,0.947,0.001278,distal
C105,452,L,0.02271,FALSE,0.947,0.001331,distal
C105,453,Y,1.991,TRUE,0.947,0.9946,contact
C105,455,L,10.01,TRUE,0.947,1,contact
C105,456,F,7.915,TRUE,0.947,0.9961,contact
C105,458,K,0.02274,FALSE,0.947,0.001344,contact
C105,459,S,0.0233,FALSE,0.947,0.001565,contact
C105,460,N,4.635,TRUE,0.947,0.995,contact
C105,461,L,0.02612,FALSE,0.947,0.02356,proximal
C105,462,K,0.02172,FALSE,0.947,0.001336,distal
C105,463,P,0.001288,FALSE,0.947,0.001288,distal
C105,464,F,0.01256,FALSE,0.947,0.001431,distal
C105,465,E,0.004919,FALSE,0.947,0.001281,distal
C105,466,R,0.003884,FALSE,0.947,0.001336,distal
C105,468,I,0.02149,FALSE,0.947,0.001324,distal
C105,469,S,0.01273,FALSE,0.947,0.001407,distal
C105,470,T,0.02176,FALSE,0.947,0.001514,distal
C105,471,E,0.02354,FALSE,0.947,0.001573,distal
C105,472,I,0.02536,FALSE,0.947,0.002366,distal
C105,473,Y,9.027,TRUE,0.947,0.9999,contact
C105,474,Q,0.01679,FALSE,0.947,0.001466,contact
C105,475,A,6.308,TRUE,0.947,0.9971,contact
C105,476,G,0.2167,FALSE,0.947,0.2047,contact
C105,477,S,0.02017,FALSE,0.947,0.001321,proximal
C105,478,T,0.024,FALSE,0.947,0.001407,proximal
C105,479,P,0.02312,FALSE,0.947,0.001543,distal
C105,481,N,0.02273,FALSE,0.947,0.001419,distal
C105,482,G,0.01804,FALSE,0.947,0.001568,distal
C105,483,V,0.0231,FALSE,0.947,0.001414,distal
C105,484,E,0.02782,FALSE,0.947,0.004135,distal
C105,485,G,0.0837,FALSE,0.947,0.06806,proximal
C105,486,F,0.02964,FALSE,0.947,0.004072,contact
C105,487,N,2.001,TRUE,0.947,0.9956,contact
C105,489,Y,0.01054,FALSE,0.947,0.001513,contact
C105,490,F,0.02429,FALSE,0.947,0.001547,distal
C105,492,L,0.007303,FALSE,0.947,0.004755,distal
C105,493,Q,0.02336,FALSE,0.947,0.00166,proximal
C105,494,S,0.01903,FALSE,0.947,0.001415,proximal
C105,496,G,0.02296,FALSE,0.947,0.001408,proximal
C105,498,Q,0.02291,FALSE,0.947,0.00147,contact
C105,499,P,0.01921,FALSE,0.947,0.001392,proximal
C105,500,T,0.0238,FALSE,0.947,0.001352,contact
C105,501,N,0.02466,FALSE,0.947,0.004915,contact
C105,503,V,0.02331,FALSE,0.947,0.001557,proximal
C105,504,G,0.02555,FALSE,0.947,0.001563,contact
C105,505,Y,0.05141,FALSE,0.947,0.04501,contact
C105,506,Q,0.005049,FALSE,0.947,0.00128,proximal
C105,507,P,0.001275,FALSE,0.947,0.001275,distal
C105,508,Y,0.01002,FALSE,0.947,0.00129,distal
C105,510,V,0.001277,FALSE,0.947,0.001277,distal
C105,512,V,0.001278,FALSE,0.947,0.001278,distal
C105,513,L,0.002553,FALSE,0.947,0.001277,distal
C105,514,S,0.02093,FALSE,0.947,0.001471,distal
C105,515,F,0.001278,FALSE,0.947,0.001278,distal
C105,516,E,0.01026,FALSE,0.947,0.001321,distal
C105,517,L,0.0151,FALSE,0.947,0.001312,distal
C105,518,L,0.02047,FALSE,0.947,0.003973,distal
C105,519,H,0.01676,FALSE,0.947,0.001408,unresolved
C105,520,A,0.02171,FALSE,0.947,0.001314,distal
C105,521,P,0.0103,FALSE,0.947,0.001321,distal
C105,522,A,0.01997,FALSE,0.947,0.001347,distal
C105,523,T,0.002566,FALSE,0.947,0.001288,distal
C105,524,V,0.003943,FALSE,0.947,0.001393,distal
C105,525,C,0.009095,FALSE,0.947,0.001387,distal
C105,526,G,0.01279,FALSE,0.947,0.001302,distal
C105,527,P,0.0219,FALSE,0.947,0.001495,distal
C105,528,K,0.02295,FALSE,0.947,0.00154,distal
C105,529,K,0.02521,FALSE,0.947,0.003486,distal
C105,530,S,0.02414,FALSE,0.947,0.001322,distal
C105,531,T,0.02426,FALSE,0.947,0.001404,distal
C110,331,N,0.02261,FALSE,0.5965,0.001645,distal
C110,332,I,0.02656,FALSE,0.5965,0.001398,distal
C110,333,T,0.02516,FALSE,0.5965,0.001398,distal
C110,334,N,0.02625,FALSE,0.5965,0.002487,distal
C110,335,L,0.02656,FALSE,0.5965,0.001398,distal
C110,336,C,0.001398,FALSE,0.5965,0.001398,distal
C110,337,P,0.01932,FALSE,0.5965,0.001398,distal
C110,338,F,0.006989,FALSE,0.5965,0.001398,distal
C110,339,G,0.02516,FALSE,0.5965,0.001398,distal
C110,340,E,0.01538,FALSE,0.5965,0.001398,distal
C110,341,V,0.002796,FALSE,0.5965,0.001398,distal
C110,342,F,0.004193,FALSE,0.5965,0.001398,proximal
C110,344,A,0.01357,FALSE,0.5965,0.006582,proximal
C110,345,T,0.01033,FALSE,0.5965,0.001944,contact
C110,346,R,1.893,TRUE,0.5965,0.9538,contact
C110,347,F,0.001398,FALSE,0.5965,0.001398,contact
C110,348,A,0.01373,FALSE,0.5965,0.001398,distal
C110,349,S,0.002548,FALSE,0.5965,0.001398,proximal
C110,351,Y,0.003946,FALSE,0.5965,0.001398,proximal
C110,352,A,0.01513,FALSE,0.5965,0.001398,distal
C110,353,W,0.001398,FALSE,0.5965,0.001398,distal
C110,354,N,0.01258,FALSE,0.5965,0.001398,distal
C110,356,K,0.03576,FALSE,0.5965,0.01923,distal
C110,357,R,0.02401,FALSE,0.5965,0.001645,distal
C110,358,I,0.009785,FALSE,0.5965,0.001398,distal
C110,359,S,0.02401,FALSE,0.5965,0.001645,distal
C110,360,N,0.02332,FALSE,0.5965,0.01481,distal
C110,361,C,0.002796,FALSE,0.5965,0.001398,distal
C110,362,V,0.02516,FALSE,0.5965,0.001398,distal
C110,363,A,0.01957,FALSE,0.5965,0.001398,distal
C110,365,Y,0.0232,FALSE,0.5965,0.008857,distal
C110,366,S,0.02401,FALSE,0.5965,0.001645,distal
C110,367,V,0.02656,FALSE,0.5965,0.001398,distal
C110,368,L,0.01644,FALSE,0.5965,0.01224,distal
C110,369,Y,0.02656,FALSE,0.5965,0.001398,distal
C110,370,N,0.01957,FALSE,0.5965,0.001398,distal
C110,371,S,0.02656,FALSE,0.5965,0.001398,distal
C110,372,A,0.02516,FALSE,0.5965,0.001398,distal
C110,373,S,0.02656,FALSE,0.5965,0.001398,distal
C110,374,F,0.01684,FALSE,0.5965,0.00146,distal
C110,375,S,0.01258,FALSE,0.5965,0.001398,distal
C110,376,T,0.01817,FALSE,0.5965,0.001398,distal
C110,377,F,0.006989,FALSE,0.5965,0.001398,distal
C110,378,K,0.01932,FALSE,0.5965,0.001398,distal
C110,380,Y,0.002796,FALSE,0.5965,0.001398,distal
C110,381,G,0.008387,FALSE,0.5965,0.001398,distal
C110,382,V,0.009785,FALSE,0.5965,0.001398,distal
C110,383,S,0.02212,FALSE,0.5965,0.001398,distal
C110,384,P,0.02376,FALSE,0.5965,0.001398,distal
C110,385,T,0.02656,FALSE,0.5965,0.001398,distal
C110,386,K,0.02237,FALSE,0.5965,0.001398,distal
C110,387,L,0.002796,FALSE,0.5965,0.001398,distal
C110,388,N,0.01982,FALSE,0.5965,0.001645,distal
C110,389,D,0.02237,FALSE,0.5965,0.001398,distal
C110,390,L,0.02647,FALSE,0.5965,0.002709,distal
C110,391,C,0.02656,FALSE,0.5965,0.001398,distal
C110,392,F,0.01817,FALSE,0.5965,0.001398,distal
C110,393,T,0.02237,FALSE,0.5965,0.001398,distal
C110,394,N,0.02656,FALSE,0.5965,0.001398,distal
C110,395,V,0.006989,FALSE,0.5965,0.001398,distal
C110,396,Y,0.01538,FALSE,0.5965,0.001398,distal
C110,397,A,0.005591,FALSE,0.5965,0.001398,distal
C110,399,S,0.001398,FALSE,0.5965,0.001398,distal
C110,401,V,0.001398,FALSE,0.5965,0.001398,proximal
C110,402,I,0.004193,FALSE,0.5965,0.001398,distal
C110,403,R,0.006989,FALSE,0.5965,0.001398,distal
C110,404,G,0.002796,FALSE,0.5965,0.001398,distal
C110,405,D,0.008634,FALSE,0.5965,0.001645,distal
C110,406,E,0.004193,FALSE,0.5965,0.001398,distal
C110,407,V,0.005368,FALSE,0.5965,0.00397,distal
C110,408,R,0.01817,FALSE,0.5965,0.001398,proximal
C110,409,Q,0.001398,FALSE,0.5965,0.001398,proximal
C110,410,I,0.001398,FALSE,0.5965,0.001398,distal
C110,411,A,0.006989,FALSE,0.5965,0.001398,distal
C110,413,G,0.01677,FALSE,0.5965,0.001398,distal
C110,414,Q,0.01538,FALSE,0.5965,0.001398,distal
C110,415,T,0.01957,FALSE,0.5965,0.001398,distal
C110,417,K,0.02656,FALSE,0.5965,0.001398,distal
C110,418,I,0.001398,FALSE,0.5965,0.001398,distal
C110,419,A,0.002796,FALSE,0.5965,0.001398,distal
C110,420,D,0.01118,FALSE,0.5965,0.001398,distal
C110,421,Y,0.005591,FALSE,0.5965,0.001398,distal
C110,424,K,0.002803,FALSE,0.5965,0.001405,distal
C110,425,L,0.004193,FALSE,0.5965,0.001398,distal
C110,427,D,0.02516,FALSE,0.5965,0.001398,distal
C110,428,D,0.01538,FALSE,0.5965,0.001398,distal
C110,429,F,0.001398,FALSE,0.5965,0.001398,distal
C110,430,T,0.02097,FALSE,0.5965,0.001398,distal
C110,433,V,0.00217,FALSE,0.5965,0.00217,distal
C110,434,I,0.009717,FALSE,0.5965,0.002728,distal
C110,435,A,0.002796,FALSE,0.5965,0.001398,distal
C110,437,N,0.001398,FALSE,0.5965,0.001398,distal
C110,438,S,0.002796,FALSE,0.5965,0.001398,proximal
C110,439,N,0.02474,FALSE,0.5965,0.01216,distal
C110,440,N,0.02491,FALSE,0.5965,0.001398,proximal
C110,441,L,0.01258,FALSE,0.5965,0.001645,contact
C110,443,S,0.01426,FALSE,0.5965,0.004475,unresolved
C110,444,K,11.45,TRUE,0.5965,0.9886,unresolved
C110,445,V,0.02656,FALSE,0.5965,0.001398,unresolved
C110,446,G,2.691,TRUE,0.5965,0.8802,unresolved
C110,447,G,4.183,TRUE,0.5965,0.9808,unresolved
C110,448,N,5.395,TRUE,0.5965,1,contact
C110,449,Y,11.93,TRUE,0.5965,0.9865,contact
C110,450,N,2.467,TRUE,0.5965,0.9495,contact
C110,451,Y,0.008387,FALSE,0.5965,0.001398,proximal
C110,452,L,9.717,TRUE,0.5965,0.9824,contact
C110,453,Y,0.01118,FALSE,0.5965,0.001398,proximal
C110,455,L,0.02237,FALSE,0.5965,0.001398,distal
C110,456,F,0.01957,FALSE,0.5965,0.001398,distal
C110,458,K,0.02578,FALSE,0.5965,0.002016,distal
C110,459,S,0.02516,FALSE,0.5965,0.001398,distal
C110,460,N,0.02516,FALSE,0.5965,0.001398,distal
C110,461,L,0.004193,FALSE,0.5965,0.001398,distal
C110,462,K,0.02376,FALSE,0.5965,0.001398,distal
C110,463,P,0.001398,FALSE,0.5965,0.001398,distal
C110,464,F,0.01398,FALSE,0.5965,0.001398,distal
C110,465,E,0.01392,FALSE,0.5965,0.009723,distal
C110,466,R,0.004193,FALSE,0.5965,0.001398,distal
C110,468,I,0.0256,FALSE,0.5965,0.003238,proximal
C110,469,S,0.01398,FALSE,0.5965,0.001398,distal
C110,470,T,0.04175,FALSE,0.5965,0.01963,proximal
C110,471,E,0.02516,FALSE,0.5965,0.001398,distal
C110,472,I,0.03301,FALSE,0.5965,0.00813,distal
C110,473,Y,0.04083,FALSE,0.5965,0.02266,distal
C110,474,Q,0.01815,FALSE,0.5965,0.001623,distal
C110,475,A,0.0307,FALSE,0.5965,0.00998,distal
C110,476,G,0.01398,FALSE,0.5965,0.001398,distal
C110,477,S,0.02286,FALSE,0.5965,0.001645,unresolved
C110,478,T,0.02656,FALSE,0.5965,0.001398,unresolved
C110,479,P,0.02516,FALSE,0.5965,0.001398,unresolved
C110,481,N,0.02516,FALSE,0.5965,0.001398,unresolved
C110,482,G,0.01957,FALSE,0.5965,0.001398,unresolved
C110,483,V,0.02516,FALSE,0.5965,0.001398,unresolved
C110,484,E,0.06561,FALSE,0.5965,0.02772,distal
C110,485,G,0.01817,FALSE,0.5965,0.001398,distal
C110,486,F,0.02656,FALSE,0.5965,0.001398,distal
C110,487,N,0.01957,FALSE,0.5965,0.001398,distal
C110,489,Y,0.01118,FALSE,0.5965,0.001398,proximal
C110,490,F,8.535,TRUE,0.5965,0.9888,contact
C110,492,L,0.004193,FALSE,0.5965,0.001398,proximal
C110,493,Q,0.03035,FALSE,0.5965,0.00683,proximal
C110,494,S,9.283,TRUE,0.5965,0.9828,contact
C110,496,G,0.02516,FALSE,0.5965,0.001398,distal
C110,498,Q,0.02516,FALSE,0.5965,0.001398,contact
C110,499,P,0.1254,FALSE,0.5965,0.05468,contact
C110,500,T,0.02713,FALSE,0.5965,0.001964,contact
C110,501,N,0.02848,FALSE,0.5965,0.007509,proximal
C110,503,V,0.02516,FALSE,0.5965,0.001398,distal
C110,504,G,0.02657,FALSE,0.5965,0.001408,distal
C110,505,Y,0.00814,FALSE,0.5965,0.001398,distal
C110,506,Q,0.005344,FALSE,0.5965,0.001398,distal
C110,507,P,0.001398,FALSE,0.5965,0.001398,proximal
C110,508,Y,0.01118,FALSE,0.5965,0.001398,distal
C110,510,V,0.001398,FALSE,0.5965,0.001398,distal
C110,512,V,0.001398,FALSE,0.5965,0.001398,distal
C110,513,L,0.002796,FALSE,0.5965,0.001398,distal
C110,514,S,0.03218,FALSE,0.5965,0.01121,distal
C110,515,F,0.001398,FALSE,0.5965,0.001398,distal
C110,516,E,0.01568,FALSE,0.5965,0.005894,distal
C110,517,L,0.01715,FALSE,0.5965,0.001769,distal
C110,518,L,0.01957,FALSE,0.5965,0.001398,distal
C110,519,H,0.01817,FALSE,0.5965,0.001398,distal
C110,520,A,0.09545,FALSE,0.5965,0.07333,distal
C110,521,P,0.01143,FALSE,0.5965,0.001645,distal
C110,522,A,0.02212,FALSE,0.5965,0.001398,distal
C110,523,T,0.002796,FALSE,0.5965,0.001398,distal
C110,524,V,0.004193,FALSE,0.5965,0.001398,distal
C110,525,C,0.009785,FALSE,0.5965,0.001398,distal
C110,526,G,0.01398,FALSE,0.5965,0.001398,distal
C110,527,P,0.02352,FALSE,0.5965,0.001398,distal
C110,528,K,0.02721,FALSE,0.5965,0.003442,distal
C110,529,K,0.02516,FALSE,0.5965,0.001398,distal
C110,530,S,0.02656,FALSE,0.5965,0.001398,distal
C110,531,T,0.02656,FALSE,0.5965,0.001398,distal
C121,331,N,0.03228,FALSE,0.8625,0.002517,distal
C121,332,I,0.03741,FALSE,0.8625,0.00228,distal
C121,333,T,0.03539,FALSE,0.8625,0.002071,distal
C121,334,N,0.03547,FALSE,0.8625,0.002297,distal
C121,335,L,0.03861,FALSE,0.8625,0.002284,distal
C121,336,C,0.002145,FALSE,0.8625,0.002145,distal
C121,337,P,0.02826,FALSE,0.8625,0.002256,distal
C121,338,F,0.01004,FALSE,0.8625,0.002262,distal
C121,339,G,0.03627,FALSE,0.8625,0.002389,distal
C121,340,E,0.02257,FALSE,0.8625,0.002556,distal
C121,341,V,0.003924,FALSE,0.8625,0.00197,distal
C121,342,F,0.006635,FALSE,0.8625,0.002517,distal
C121,344,A,0.01257,FALSE,0.8625,0.002302,distal
C121,345,T,0.01481,FALSE,0.8625,0.002519,distal
C121,346,R,0.0357,FALSE,0.8625,0.002304,distal
C121,347,F,0.001981,FALSE,0.8625,0.001981,distal
C121,348,A,0.01966,FALSE,0.8625,0.002106,distal
C121,349,S,0.003971,FALSE,0.8625,0.001986,distal
C121,351,Y,0.005973,FALSE,0.8625,0.002001,distal
C121,352,A,0.02267,FALSE,0.8625,0.00255,distal
C121,353,W,0.001985,FALSE,0.8625,0.001985,distal
C121,354,N,0.01764,FALSE,0.8625,0.002069,distal
C121,356,K,0.0262,FALSE,0.8625,0.00246,distal
C121,357,R,0.03455,FALSE,0.8625,0.002491,distal
C121,358,I,0.01543,FALSE,0.8625,0.003371,distal
C121,359,S,0.03405,FALSE,0.8625,0.002229,distal
C121,360,N,0.0142,FALSE,0.8625,0.002189,distal
C121,361,C,0.00425,FALSE,0.8625,0.002153,distal
C121,362,V,0.03541,FALSE,0.8625,0.00214,distal
C121,363,A,0.02868,FALSE,0.8625,0.002592,distal
C121,365,Y,0.02241,FALSE,0.8625,0.002285,distal
C121,366,S,0.03502,FALSE,0.8625,0.002315,proximal
C121,367,V,0.03816,FALSE,0.8625,0.002302,proximal
C121,368,L,0.008135,FALSE,0.8625,0.002089,proximal
C121,369,Y,0.04226,FALSE,0.8625,0.005878,proximal
C121,370,N,0.02784,FALSE,0.8625,0.002213,contact
C121,371,S,0.03813,FALSE,0.8625,0.002198,contact
C121,372,A,0.03626,FALSE,0.8625,0.002522,contact
C121,373,S,0.03883,FALSE,0.8625,0.002489,proximal
C121,374,F,0.02463,FALSE,0.8625,0.002264,distal
C121,375,S,0.01905,FALSE,0.8625,0.003106,proximal
C121,376,T,0.02614,FALSE,0.8625,0.002423,proximal
C121,377,F,0.01034,FALSE,0.8625,0.002189,proximal
C121,378,K,0.02884,FALSE,0.8625,0.002346,contact
C121,380,Y,0.004187,FALSE,0.8625,0.002245,proximal
C121,381,G,0.01231,FALSE,0.8625,0.002403,distal
C121,382,V,0.01434,FALSE,0.8625,0.002356,distal
C121,383,S,0.03169,FALSE,0.8625,0.002428,distal
C121,384,P,0.03316,FALSE,0.8625,0.002344,distal
C121,385,T,0.03716,FALSE,0.8625,0.002223,distal
C121,386,K,0.03274,FALSE,0.8625,0.00236,distal
C121,387,L,0.003965,FALSE,0.8625,0.002005,distal
C121,388,N,0.02816,FALSE,0.8625,0.00241,distal
C121,389,D,0.03234,FALSE,0.8625,0.002305,distal
C121,390,L,0.03706,FALSE,0.8625,0.002335,distal
C121,391,C,0.03823,FALSE,0.8625,0.002423,distal
C121,392,F,0.02615,FALSE,0.8625,0.002246,distal
C121,393,T,0.03334,FALSE,0.8625,0.002448,distal
C121,394,N,0.03872,FALSE,0.8625,0.002371,distal
C121,395,V,0.009822,FALSE,0.8625,0.002122,distal
C121,396,Y,0.02278,FALSE,0.8625,0.002271,distal
C121,397,A,0.007935,FALSE,0.8625,0.002053,distal
C121,399,S,0.002067,FALSE,0.8625,0.002067,distal
C121,401,V,0.001972,FALSE,0.8625,0.001972,distal
C121,402,I,0.005934,FALSE,0.8625,0.002004,proximal
C121,403,R,0.00992,FALSE,0.8625,0.002003,proximal
C121,404,G,0.003983,FALSE,0.8625,0.002178,contact
C121,405,D,0.01177,FALSE,0.8625,0.002029,contact
C121,406,E,0.03421,FALSE,0.8625,0.03008,contact
C121,407,V,0.003948,FALSE,0.8625,0.002016,contact
C121,408,R,0.02564,FALSE,0.8625,0.00204,contact
C121,409,Q,0.00199,FALSE,0.8625,0.00199,proximal
C121,410,I,0.002009,FALSE,0.8625,0.002009,proximal
C121,411,A,0.01097,FALSE,0.8625,0.002356,proximal
C121,413,G,0.02449,FALSE,0.8625,0.002592,proximal
C121,414,Q,0.02254,FALSE,0.8625,0.00225,contact
C121,415,T,0.0294,FALSE,0.8625,0.002306,contact
C121,417,K,0.03719,FALSE,0.8625,0.002304,proximal
C121,418,I,0.002277,FALSE,0.8625,0.002277,distal
C121,419,A,0.004175,FALSE,0.8625,0.002208,distal
C121,420,D,0.0174,FALSE,0.8625,0.002432,proximal
C121,421,Y,0.008389,FALSE,0.8625,0.002419,distal
C121,424,K,0.003973,FALSE,0.8625,0.001998,distal
C121,425,L,0.005867,FALSE,0.8625,0.002066,distal
C121,427,D,0.03628,FALSE,0.8625,0.002286,distal
C121,428,D,0.02212,FALSE,0.8625,0.002215,distal
C121,429,F,0.002241,FALSE,0.8625,0.002241,distal
C121,430,T,0.02959,FALSE,0.8625,0.002262,distal
C121,433,V,0.002043,FALSE,0.8625,0.002043,distal
C121,434,I,0.01138,FALSE,0.8625,0.002176,distal
C121,435,A,0.004309,FALSE,0.8625,0.002357,distal
C121,437,N,0.002433,FALSE,0.8625,0.002433,proximal
C121,438,S,0.004105,FALSE,0.8625,0.002154,distal
C121,439,N,0.02057,FALSE,0.8625,0.002347,distal
C121,440,N,0.03724,FALSE,0.8625,0.003884,proximal
C121,441,L,0.01793,FALSE,0.8625,0.002273,distal
C121,443,S,0.0169,FALSE,0.8625,0.002343,distal
C121,444,K,0.03828,FALSE,0.8625,0.002215,contact
C121,445,V,0.0383,FALSE,0.8625,0.002254,proximal
C121,446,G,0.03878,FALSE,0.8625,0.002401,proximal
C121,447,G,0.04207,FALSE,0.8625,0.007009,contact
C121,448,N,0.1261,FALSE,0.8625,0.09859,proximal
C121,449,Y,0.868,TRUE,0.8625,0.3728,contact
C121,450,N,0.05787,FALSE,0.8625,0.02108,proximal
C121,451,Y,0.01194,FALSE,0.8625,0.002089,proximal
C121,452,L,0.07032,FALSE,0.8625,0.02027,contact
C121,453,Y,0.6169,FALSE,0.8625,0.2633,proximal
C121,455,L,0.7113,FALSE,0.8625,0.2802,contact
C121,456,F,3.104,TRUE,0.8625,0.5626,contact
C121,458,K,0.03671,FALSE,0.8625,0.002465,distal
C121,459,S,0.03749,FALSE,0.8625,0.00252,distal
C121,460,N,0.03698,FALSE,0.8625,0.00259,distal
C121,461,L,0.005798,FALSE,0.8625,0.002009,distal
C121,462,K,0.03422,FALSE,0.8625,0.002388,distal
C121,463,P,0.001942,FALSE,0.8625,0.001942,distal
C121,464,F,0.02033,FALSE,0.8625,0.002269,distal
C121,465,E,0.008014,FALSE,0.8625,0.002109,distal
C121,466,R,0.006051,FALSE,0.8625,0.00212,distal
C121,468,I,0.03875,FALSE,0.8625,0.005542,distal
C121,469,S,0.02038,FALSE,0.8625,0.002278,distal
C121,470,T,0.03476,FALSE,0.8625,0.002351,proximal
C121,471,E,0.03602,FALSE,0.8625,0.002186,distal
C121,472,I,3.122,TRUE,0.8625,0.7767,proximal
C121,473,Y,0.2752,FALSE,0.8625,0.1776,proximal
C121,474,Q,0.02592,FALSE,0.8625,0.002277,proximal
C121,475,A,0.03362,FALSE,0.8625,0.002593,contact
C121,476,G,0.01992,FALSE,0.8625,0.002394,proximal
C121,477,S,0.03228,FALSE,0.8625,0.002252,distal
C121,478,T,0.03817,FALSE,0.8625,0.002289,proximal
C121,479,P,0.03702,FALSE,0.8625,0.002204,distal
C121,481,N,0.03685,FALSE,0.8625,0.002451,distal
C121,482,G,0.03135,FALSE,0.8625,0.003426,proximal
C121,483,V,0.03697,FALSE,0.8625,0.002543,proximal
C121,484,E,17.25,TRUE,0.8625,0.999,contact
C121,485,G,1.668,TRUE,0.8625,0.9892,contact
C121,486,F,0.8696,TRUE,0.8625,0.6114,contact
C121,487,N,0.02782,FALSE,0.8625,0.002084,contact
C121,489,Y,1.128,TRUE,0.8625,0.266,contact
C121,490,F,11.82,TRUE,0.8625,0.9957,contact
C121,492,L,0.006082,FALSE,0.8625,0.002123,contact
C121,493,Q,1.887,TRUE,0.8625,0.9378,contact
C121,494,S,1.092,TRUE,0.8625,0.4754,contact
C121,496,G,0.03781,FALSE,0.8625,0.002509,proximal
C121,498,Q,0.03579,FALSE,0.8625,0.002253,contact
C121,499,P,0.03051,FALSE,0.8625,0.002224,distal
C121,500,T,0.03696,FALSE,0.8625,0.002092,distal
C121,501,N,0.03238,FALSE,0.8625,0.002119,proximal
C121,503,V,0.03604,FALSE,0.8625,0.002355,contact
C121,504,G,0.03785,FALSE,0.8625,0.002178,contact
C121,505,Y,0.01228,FALSE,0.8625,0.002271,contact
C121,506,Q,0.008078,FALSE,0.8625,0.00203,proximal
C121,507,P,0.001966,FALSE,0.8625,0.001966,distal
C121,508,Y,0.01646,FALSE,0.8625,0.002208,contact
C121,510,V,0.002194,FALSE,0.8625,0.002194,distal
C121,512,V,0.001994,FALSE,0.8625,0.001994,distal
C121,513,L,0.00421,FALSE,0.8625,0.002242,distal
C121,514,S,0.03337,FALSE,0.8625,0.002674,distal
C121,515,F,0.001975,FALSE,0.8625,0.001975,distal
C121,516,E,0.01587,FALSE,0.8625,0.002052,distal
C121,517,L,0.0262,FALSE,0.8625,0.004429,distal
C121,518,L,0.02763,FALSE,0.8625,0.002166,distal
C121,519,H,0.02686,FALSE,0.8625,0.002429,distal
C121,520,A,0.03392,FALSE,0.8625,0.002313,distal
C121,521,P,0.01583,FALSE,0.8625,0.002017,distal
C121,522,A,0.03262,FALSE,0.8625,0.002264,distal
C121,523,T,0.004036,FALSE,0.8625,0.002053,distal
C121,524,V,0.006178,FALSE,0.8625,0.002064,distal
C121,525,C,0.01385,FALSE,0.8625,0.002043,distal
C121,526,G,0.01986,FALSE,0.8625,0.002136,distal
C121,527,P,0.03276,FALSE,0.8625,0.002182,distal
C121,528,K,0.03434,FALSE,0.8625,0.002213,distal
C121,529,K,0.03556,FALSE,0.8625,0.002243,distal
C121,530,S,0.03735,FALSE,0.8625,0.002386,distal
C121,531,T,0.03688,FALSE,0.8625,0.002201,distal
C135,331,N,0.01627,FALSE,0.694,0.002963,distal
C135,332,I,0.02794,FALSE,0.694,0.003621,distal
C135,333,T,0.02798,FALSE,0.694,0.002712,distal
C135,334,N,0.03402,FALSE,0.694,0.005447,distal
C135,335,L,0.02546,FALSE,0.694,0.002975,distal
C135,336,C,0.05674,FALSE,0.694,0.05674,distal
C135,337,P,0.03324,FALSE,0.694,0.01037,distal
C135,338,F,0.009898,FALSE,0.694,0.003852,distal
C135,339,G,0.03599,FALSE,0.694,0.005438,distal
C135,340,E,0.01969,FALSE,0.694,0.003408,proximal
C135,341,V,0.003724,FALSE,0.694,0.002297,distal
C135,342,F,0.007486,FALSE,0.694,0.004091,proximal
C135,344,A,0.01092,FALSE,0.694,0.002996,proximal
C135,345,T,0.8561,TRUE,0.694,0.4278,contact
C135,346,R,13.88,TRUE,0.694,0.8898,contact
C135,347,F,0.01767,FALSE,0.694,0.01767,proximal
C135,348,A,0.02077,FALSE,0.694,0.008636,proximal
C135,349,S,0.00609,FALSE,0.694,0.004658,proximal
C135,351,Y,0.007513,FALSE,0.694,0.00484,distal
C135,352,A,0.02495,FALSE,0.694,0.01086,distal
C135,353,W,0.001474,FALSE,0.694,0.001474,distal
C135,354,N,0.01554,FALSE,0.694,0.002677,distal
C135,356,K,0.03137,FALSE,0.694,0.006591,distal
C135,357,R,0.02579,FALSE,0.694,0.00715,distal
C135,358,I,0.01943,FALSE,0.694,0.01347,distal
C135,359,S,0.0351,FALSE,0.694,0.005711,distal
C135,360,N,0.01033,FALSE,0.694,0.002298,distal
C135,361,C,0.02872,FALSE,0.694,0.02709,distal
C135,362,V,0.03505,FALSE,0.694,0.005528,distal
C135,363,A,0.02439,FALSE,0.694,0.006212,distal
C135,365,Y,0.02552,FALSE,0.694,0.005507,distal
C135,366,S,0.03173,FALSE,0.694,0.004993,distal
C135,367,V,0.03371,FALSE,0.694,0.005508,distal
C135,368,L,0.005328,FALSE,0.694,0.001685,distal
C135,369,Y,0.04104,FALSE,0.694,0.007042,distal
C135,370,N,0.01943,FALSE,0.694,0.003624,distal
C135,371,S,0.08744,FALSE,0.694,0.04253,distal
C135,372,A,0.03185,FALSE,0.694,0.004257,distal
C135,373,S,0.03306,FALSE,0.694,0.006437,proximal
C135,374,F,0.03256,FALSE,0.694,0.005161,distal
C135,375,S,0.01325,FALSE,0.694,0.002444,distal
C135,376,T,0.02372,FALSE,0.694,0.003183,distal
C135,377,F,0.01433,FALSE,0.694,0.007883,distal
C135,378,K,0.02996,FALSE,0.694,0.007471,distal
C135,380,Y,0.004711,FALSE,0.694,0.00377,distal
C135,381,G,0.01037,FALSE,0.694,0.002324,distal
C135,382,V,0.03765,FALSE,0.694,0.02481,distal
C135,383,S,0.02935,FALSE,0.694,0.008195,distal
C135,384,P,0.02366,FALSE,0.694,0.005596,distal
C135,385,T,0.02342,FALSE,0.694,0.002542,distal
C135,386,K,0.03727,FALSE,0.694,0.006482,distal
C135,387,L,0.002451,FALSE,0.694,0.001668,distal
C135,388,N,0.01944,FALSE,0.694,0.00446,distal
C135,389,D,0.02842,FALSE,0.694,0.004897,distal
C135,390,L,0.03269,FALSE,0.694,0.002978,distal
C135,391,C,0.04027,FALSE,0.694,0.004485,distal
C135,392,F,0.01963,FALSE,0.694,0.002816,distal
C135,393,T,0.03919,FALSE,0.694,0.009337,distal
C135,394,N,0.05439,FALSE,0.694,0.009433,distal
C135,395,V,0.008639,FALSE,0.694,0.003283,distal
C135,396,Y,0.01905,FALSE,0.694,0.003543,distal
C135,397,A,0.01169,FALSE,0.694,0.007014,distal
C135,399,S,0.0007715,FALSE,0.694,0.0007715,distal
C135,401,V,0.0007262,FALSE,0.694,0.0007262,distal
C135,402,I,0.008428,FALSE,0.694,0.004664,distal
C135,403,R,0.007359,FALSE,0.694,0.002046,proximal
C135,404,G,0.004453,FALSE,0.694,0.002718,distal
C135,405,D,0.02132,FALSE,0.694,0.008655,distal
C135,406,E,0.006846,FALSE,0.694,0.003444,distal
C135,407,V,0.002468,FALSE,0.694,0.001449,distal
C135,408,R,0.02336,FALSE,0.694,0.007047,distal
C135,409,Q,0.001952,FALSE,0.694,0.001952,distal
C135,410,I,0.00219,FALSE,0.694,0.00219,distal
C135,411,A,0.0127,FALSE,0.694,0.006635,distal
C135,413,G,0.02267,FALSE,0.694,0.003905,distal
C135,414,Q,0.01264,FALSE,0.694,0.002359,distal
C135,415,T,0.04176,FALSE,0.694,0.01113,distal
C135,417,K,0.04087,FALSE,0.694,0.007099,distal
C135,418,I,0.001444,FALSE,0.694,0.001444,distal
C135,419,A,0.003731,FALSE,0.694,0.00264,distal
C135,420,D,0.01877,FALSE,0.694,0.005899,distal
C135,421,Y,0.00717,FALSE,0.694,0.002218,distal
C135,424,K,0.003638,FALSE,0.694,0.002832,distal
C135,425,L,0.004365,FALSE,0.694,0.002119,distal
C135,427,D,0.03336,FALSE,0.694,0.006216,distal
C135,428,D,0.01633,FALSE,0.694,0.002748,distal
C135,429,F,0.0007498,FALSE,0.694,0.0007498,distal
C135,430,T,0.01917,FALSE,0.694,0.003102,distal
C135,433,V,0.002311,FALSE,0.694,0.002311,distal
C135,434,I,0.008223,FALSE,0.694,0.001858,distal
C135,435,A,0.003606,FALSE,0.694,0.001868,distal
C135,437,N,0.007056,FALSE,0.694,0.007056,contact
C135,438,S,0.003618,FALSE,0.694,0.002874,contact
C135,439,N,0.09216,FALSE,0.694,0.04551,contact
C135,440,N,3.044,TRUE,0.694,0.8272,contact
C135,441,L,0.6909,FALSE,0.694,0.6509,contact
C135,443,S,0.693,FALSE,0.694,0.6003,proximal
C135,444,K,6.095,TRUE,0.694,0.8738,proximal
C135,445,V,0.7302,TRUE,0.694,0.4429,unresolved
C135,446,G,0.4944,FALSE,0.694,0.23,unresolved
C135,447,G,0.1395,FALSE,0.694,0.04157,unresolved
C135,448,N,3.036,TRUE,0.694,0.7226,proximal
C135,449,Y,0.03202,FALSE,0.694,0.00449,distal
C135,450,N,1.463,TRUE,0.694,0.7158,proximal
C135,451,Y,0.009716,FALSE,0.694,0.002071,proximal
C135,452,L,0.02989,FALSE,0.694,0.005256,distal
C135,453,Y,0.01105,FALSE,0.694,0.003387,distal
C135,455,L,0.02984,FALSE,0.694,0.01202,distal
C135,456,F,0.04233,FALSE,0.694,0.01059,distal
C135,458,K,0.03127,FALSE,0.694,0.005506,distal
C135,459,S,0.02548,FALSE,0.694,0.00699,distal
C135,460,N,0.04885,FALSE,0.694,0.02345,distal
C135,461,L,0.004307,FALSE,0.694,0.002021,distal
C135,462,K,0.02538,FALSE,0.694,0.003138,distal
C135,463,P,0.001657,FALSE,0.694,0.001657,distal
C135,464,F,0.02444,FALSE,0.694,0.00599,distal
C135,465,E,0.00744,FALSE,0.694,0.00263,distal
C135,466,R,0.003223,FALSE,0.694,0.00126,distal
C135,468,I,0.02245,FALSE,0.694,0.003067,distal
C135,469,S,0.02529,FALSE,0.694,0.01028,distal
C135,470,T,0.02066,FALSE,0.694,0.002235,distal
C135,471,E,0.02953,FALSE,0.694,0.003389,unresolved
C135,472,I,0.0331,FALSE,0.694,0.005052,unresolved
C135,473,Y,0.02624,FALSE,0.694,0.003857,unresolved
C135,474,Q,0.02301,FALSE,0.694,0.006235,unresolved
C135,475,A,0.02561,FALSE,0.694,0.002699,unresolved
C135,476,G,0.01773,FALSE,0.694,0.003674,unresolved
C135,477,S,0.03278,FALSE,0.694,0.007132,unresolved
C135,478,T,0.03668,FALSE,0.694,0.009766,unresolved
C135,479,P,0.02724,FALSE,0.694,0.003822,unresolved
C135,481,N,0.02996,FALSE,0.694,0.005255,unresolved
C135,482,G,0.03367,FALSE,0.694,0.007684,unresolved
C135,483,V,0.02817,FALSE,0.694,0.005056,unresolved
C135,484,E,0.0352,FALSE,0.694,0.004797,unresolved
C135,485,G,0.02292,FALSE,0.694,0.005749,unresolved
C135,486,F,0.02401,FALSE,0.694,0.003322,unresolved
C135,487,N,0.02566,FALSE,0.694,0.005091,unresolved
C135,489,Y,0.01735,FALSE,0.694,0.0057,unresolved
C135,490,F,0.03442,FALSE,0.694,0.006284,distal
C135,492,L,0.005223,FALSE,0.694,0.001932,distal
C135,493,Q,0.06121,FALSE,0.694,0.03378,distal
C135,494,S,0.03061,FALSE,0.694,0.009004,distal
C135,496,G,0.03923,FALSE,0.694,0.00937,proximal
C135,498,Q,0.0242,FALSE,0.694,0.002608,proximal
C135,499,P,0.05355,FALSE,0.694,0.01025,contact
C135,500,T,0.03236,FALSE,0.694,0.00513,proximal
C135,501,N,0.06116,FALSE,0.694,0.02394,proximal
C135,503,V,0.03377,FALSE,0.694,0.01071,distal
C135,504,G,0.02889,FALSE,0.694,0.003106,distal
C135,505,Y,0.009723,FALSE,0.694,0.002977,proximal
C135,506,Q,0.01805,FALSE,0.694,0.01204,proximal
C135,507,P,0.0007464,FALSE,0.694,0.0007464,proximal
C135,508,Y,0.03613,FALSE,0.694,0.02389,distal
C135,510,V,0.001815,FALSE,0.694,0.001815,distal
C135,512,V,0.001389,FALSE,0.694,0.001389,distal
C135,513,L,0.003535,FALSE,0.694,0.002229,distal
C135,514,S,0.023,FALSE,0.694,0.002423,distal
C135,515,F,0.001305,FALSE,0.694,0.001305,distal
C135,516,E,0.01519,FALSE,0.694,0.006647,distal
C135,517,L,0.02247,FALSE,0.694,0.005968,distal
C135,518,L,0.02093,FALSE,0.694,0.003416,distal
C135,519,H,0.02048,FALSE,0.694,0.002978,distal
C135,520,A,0.0259,FALSE,0.694,0.007288,distal
C135,521,P,0.01111,FALSE,0.694,0.0023,distal
C135,522,A,0.01695,FALSE,0.694,0.001939,distal
C135,523,T,0.003097,FALSE,0.694,0.001938,distal
C135,524,V,0.00389,FALSE,0.694,0.002018,distal
C135,525,C,0.008992,FALSE,0.694,0.003489,distal
C135,526,G,0.01464,FALSE,0.694,0.002659,distal
C135,527,P,0.02779,FALSE,0.694,0.00309,distal
C135,528,K,0.02642,FALSE,0.694,0.004583,distal
C135,529,K,0.02551,FALSE,0.694,0.005423,distal
C135,530,S,0.0304,FALSE,0.694,0.0069,distal
C135,531,T,0.03659,FALSE,0.694,0.007782,distal
C144,331,N,0.02475,FALSE,0.9165,0.002853,distal
C144,332,I,0.03042,FALSE,0.9165,0.002555,distal
C144,333,T,0.02723,FALSE,0.9165,0.001698,distal
C144,334,N,0.02867,FALSE,0.9165,0.001983,distal
C144,335,L,0.02895,FALSE,0.9165,0.001804,proximal
C144,336,C,0.001558,FALSE,0.9165,0.001558,proximal
C144,337,P,0.02121,FALSE,0.9165,0.001685,proximal
C144,338,F,0.00778,FALSE,0.9165,0.001788,proximal
C144,339,G,0.02794,FALSE,0.9165,0.001913,contact
C144,340,E,0.01666,FALSE,0.9165,0.001664,proximal
C144,341,V,0.003651,FALSE,0.9165,0.002174,proximal
C144,342,F,0.00454,FALSE,0.9165,0.001568,contact
C144,344,A,0.009116,FALSE,0.9165,0.00158,proximal
C144,345,T,0.01069,FALSE,0.9165,0.002137,proximal
C144,346,R,0.02623,FALSE,0.9165,0.001736,distal
C144,347,F,0.001529,FALSE,0.9165,0.001529,proximal
C144,348,A,0.01529,FALSE,0.9165,0.001608,distal
C144,349,S,0.003149,FALSE,0.9165,0.001624,distal
C144,351,Y,0.004525,FALSE,0.9165,0.001529,distal
C144,352,A,0.01745,FALSE,0.9165,0.002106,distal
C144,353,W,0.001519,FALSE,0.9165,0.001519,distal
C144,354,N,0.01342,FALSE,0.9165,0.001557,distal
C144,356,K,0.01948,FALSE,0.9165,0.001608,distal
C144,357,R,0.02655,FALSE,0.9165,0.002267,distal
C144,358,I,0.01081,FALSE,0.9165,0.001925,distal
C144,359,S,0.02586,FALSE,0.9165,0.001995,distal
C144,360,N,0.01093,FALSE,0.9165,0.001865,distal
C144,361,C,0.003117,FALSE,0.9165,0.001577,distal
C144,362,V,0.02695,FALSE,0.9165,0.001814,distal
C144,363,A,0.02102,FALSE,0.9165,0.001695,distal
C144,365,Y,0.01697,FALSE,0.9165,0.001907,distal
C144,366,S,0.02541,FALSE,0.9165,0.001664,proximal
C144,367,V,0.02864,FALSE,0.9165,0.001921,contact
C144,368,L,0.006159,FALSE,0.9165,0.001634,proximal
C144,369,Y,0.02914,FALSE,0.9165,0.002246,proximal
C144,370,N,0.02075,FALSE,0.9165,0.001567,proximal
C144,371,S,0.02976,FALSE,0.9165,0.001774,contact
C144,372,A,0.02714,FALSE,0.9165,0.002119,contact
C144,373,S,0.02982,FALSE,0.9165,0.002111,contact
C144,374,F,0.01862,FALSE,0.9165,0.001662,contact
C144,375,S,0.01362,FALSE,0.9165,0.0017,distal
C144,376,T,0.02099,FALSE,0.9165,0.002315,distal
C144,377,F,0.007643,FALSE,0.9165,0.001586,distal
C144,378,K,0.02163,FALSE,0.9165,0.001766,distal
C144,380,Y,0.002954,FALSE,0.9165,0.001493,distal
C144,381,G,0.009022,FALSE,0.9165,0.001549,distal
C144,382,V,0.01771,FALSE,0.9165,0.008986,distal
C144,383,S,0.02437,FALSE,0.9165,0.002065,distal
C144,384,P,0.02553,FALSE,0.9165,0.001912,distal
C144,385,T,0.02802,FALSE,0.9165,0.0016,distal
C144,386,K,0.02502,FALSE,0.9165,0.001952,distal
C144,387,L,0.003034,FALSE,0.9165,0.001558,distal
C144,388,N,0.02452,FALSE,0.9165,0.005168,distal
C144,389,D,0.02472,FALSE,0.9165,0.001743,distal
C144,390,L,0.02748,FALSE,0.9165,0.001827,distal
C144,391,C,0.03015,FALSE,0.9165,0.002512,distal
C144,392,F,0.01984,FALSE,0.9165,0.00202,distal
C144,393,T,0.02435,FALSE,0.9165,0.001808,distal
C144,394,N,0.03065,FALSE,0.9165,0.002461,distal
C144,395,V,0.007416,FALSE,0.9165,0.001546,distal
C144,396,Y,0.01686,FALSE,0.9165,0.001685,distal
C144,397,A,0.005967,FALSE,0.9165,0.001559,distal
C144,399,S,0.001492,FALSE,0.9165,0.001492,distal
C144,401,V,0.001547,FALSE,0.9165,0.001547,distal
C144,402,I,0.004517,FALSE,0.9165,0.001509,distal
C144,403,R,0.007534,FALSE,0.9165,0.001521,distal
C144,404,G,0.003082,FALSE,0.9165,0.001571,distal
C144,405,D,0.009009,FALSE,0.9165,0.00158,proximal
C144,406,E,0.004546,FALSE,0.9165,0.001547,distal
C144,407,V,0.002833,FALSE,0.9165,0.001552,distal
C144,408,R,0.01957,FALSE,0.9165,0.001542,distal
C144,409,Q,0.001439,FALSE,0.9165,0.001439,distal
C144,410,I,0.001506,FALSE,0.9165,0.001506,distal
C144,411,A,0.009711,FALSE,0.9165,0.003513,distal
C144,413,G,0.01985,FALSE,0.9165,0.003421,distal
C144,414,Q,0.01665,FALSE,0.9165,0.00164,distal
C144,415,T,0.02254,FALSE,0.9165,0.00181,distal
C144,417,K,0.02814,FALSE,0.9165,0.001844,proximal
C144,418,I,0.00178,FALSE,0.9165,0.00178,distal
C144,419,A,0.002968,FALSE,0.9165,0.001514,distal
C144,420,D,0.01375,FALSE,0.9165,0.002606,distal
C144,421,Y,0.005763,FALSE,0.9165,0.001601,proximal
C144,424,K,0.003716,FALSE,0.9165,0.002144,distal
C144,425,L,0.004436,FALSE,0.9165,0.001518,distal
C144,427,D,0.02743,FALSE,0.9165,0.001839,distal
C144,428,D,0.01686,FALSE,0.9165,0.00182,distal
C144,429,F,0.001693,FALSE,0.9165,0.001693,distal
C144,430,T,0.02275,FALSE,0.9165,0.001805,distal
C144,433,V,0.001507,FALSE,0.9165,0.001507,distal
C144,434,I,0.009579,FALSE,0.9165,0.00168,proximal
C144,435,A,0.003,FALSE,0.9165,0.001515,distal
C144,437,N,0.001553,FALSE,0.9165,0.001553,proximal
C144,438,S,0.003142,FALSE,0.9165,0.001622,proximal
C144,439,N,0.01587,FALSE,0.9165,0.002046,distal
C144,440,N,0.02811,FALSE,0.9165,0.002169,proximal
C144,441,L,0.0291,FALSE,0.9165,0.01551,proximal
C144,443,S,0.01157,FALSE,0.9165,0.001603,distal
C144,444,K,0.02813,FALSE,0.9165,0.001563,proximal
C144,445,V,0.03064,FALSE,0.9165,0.003372,distal
C144,446,G,0.02872,FALSE,0.9165,0.0016,proximal
C144,447,G,0.02776,FALSE,0.9165,0.001904,proximal
C144,448,N,0.02238,FALSE,0.9165,0.002072,proximal
C144,449,Y,0.394,FALSE,0.9165,0.3548,contact
C144,450,N,0.032,FALSE,0.9165,0.003886,proximal
C144,451,Y,0.009092,FALSE,0.9165,0.001539,proximal
C144,452,L,0.03901,FALSE,0.9165,0.01142,proximal
C144,453,Y,0.03804,FALSE,0.9165,0.02584,proximal
C144,455,L,8.887,TRUE,0.9165,0.9793,contact
C144,456,F,12.44,TRUE,0.9165,0.9927,contact
C144,458,K,0.02809,FALSE,0.9165,0.002516,distal
C144,459,S,0.02642,FALSE,0.9165,0.001688,distal
C144,460,N,0.02791,FALSE,0.9165,0.002045,distal
C144,461,L,0.004378,FALSE,0.9165,0.001574,distal
C144,462,K,0.02595,FALSE,0.9165,0.001736,distal
C144,463,P,0.001483,FALSE,0.9165,0.001483,distal
C144,464,F,0.01522,FALSE,0.9165,0.001624,distal
C144,465,E,0.00614,FALSE,0.9165,0.00156,distal
C144,466,R,0.004711,FALSE,0.9165,0.001645,distal
C144,468,I,0.02639,FALSE,0.9165,0.001957,distal
C144,469,S,0.01534,FALSE,0.9165,0.001946,distal
C144,470,T,0.02491,FALSE,0.9165,0.001566,proximal
C144,471,E,0.02723,FALSE,0.9165,0.001709,distal
C144,472,I,2.311,TRUE,0.9165,0.9746,proximal
C144,473,Y,1.487,TRUE,0.9165,0.4424,proximal
C144,474,Q,0.0197,FALSE,0.9165,0.001698,distal
C144,475,A,0.07568,FALSE,0.9165,0.04241,proximal
C144,476,G,0.01755,FALSE,0.9165,0.003674,proximal
C144,477,S,0.02476,FALSE,0.9165,0.00178,proximal
C144,478,T,0.02798,FALSE,0.9165,0.001645,distal
C144,479,P,0.02758,FALSE,0.9165,0.001764,distal
C144,481,N,0.02924,FALSE,0.9165,0.002143,distal
C144,482,G,0.1968,FALSE,0.9165,0.1758,proximal
C144,483,V,0.02599,FALSE,0.9165,0.001536,contact
C144,484,E,18.33,TRUE,0.9165,0.9937,contact
C144,485,G,1.046,TRUE,0.9165,0.9392,contact
C144,486,F,1.46,TRUE,0.9165,0.7546,contact
C144,487,N,0.4601,FALSE,0.9165,0.4402,contact
C144,489,Y,5.547,TRUE,0.9165,0.9885,contact
C144,490,F,10.82,TRUE,0.9165,0.9937,contact
C144,492,L,0.004648,FALSE,0.9165,0.001568,contact
C144,493,Q,11.2,TRUE,0.9165,0.9938,contact
C144,494,S,1.074,TRUE,0.9165,0.8783,contact
C144,496,G,0.02648,FALSE,0.9165,0.001724,proximal
C144,498,Q,0.03548,FALSE,0.9165,0.009846,proximal
C144,499,P,0.02305,FALSE,0.9165,0.001738,distal
C144,500,T,0.02881,FALSE,0.9165,0.001648,distal
C144,501,N,0.02495,FALSE,0.9165,0.001682,proximal
C144,503,V,0.02717,FALSE,0.9165,0.001654,distal
C144,504,G,0.0294,FALSE,0.9165,0.001788,distal
C144,505,Y,0.00914,FALSE,0.9165,0.001796,distal
C144,506,Q,0.006196,FALSE,0.9165,0.00158,distal
C144,507,P,0.001533,FALSE,0.9165,0.001533,distal
C144,508,Y,0.01229,FALSE,0.9165,0.001664,distal
C144,510,V,0.001775,FALSE,0.9165,0.001775,distal
C144,512,V,0.001534,FALSE,0.9165,0.001534,distal
C144,513,L,0.003027,FALSE,0.9165,0.001528,distal
C144,514,S,0.02452,FALSE,0.9165,0.001877,distal
C144,515,F,0.00152,FALSE,0.9165,0.00152,distal
C144,516,E,0.01162,FALSE,0.9165,0.001565,distal
C144,517,L,0.01928,FALSE,0.9165,0.002673,distal
C144,518,L,0.02062,FALSE,0.9165,0.001701,distal
C144,519,H,0.02018,FALSE,0.9165,0.002346,distal
C144,520,A,0.02543,FALSE,0.9165,0.001651,distal
C144,521,P,0.01237,FALSE,0.9165,0.001762,distal
C144,522,A,0.0307,FALSE,0.9165,0.008537,distal
C144,523,T,0.003122,FALSE,0.9165,0.001597,distal
C144,524,V,0.004731,FALSE,0.9165,0.001701,distal
C144,525,C,0.01047,FALSE,0.9165,0.001525,distal
C144,526,G,0.01573,FALSE,0.9165,0.001826,distal
C144,527,P,0.02538,FALSE,0.9165,0.001677,distal
C144,528,K,0.02666,FALSE,0.9165,0.001817,distal
C144,529,K,0.02621,FALSE,0.9165,0.001619,distal
C144,530,S,0.02973,FALSE,0.9165,0.002378,distal
C144,531,T,0.02832,FALSE,0.9165,0.002152,distal
