figure,virus_type,antibody,genotype,plot_x,plot_y,IC50,ic50_nt50,IC50_bound
4B,VSV,C121,WT_1D7,0.999843522,6.96913395,6.96913395,IC50,FALSE
4B,VSV,C121,WT_1D7,1.002739259,1.539197379,1.539197379,IC50,FALSE
4B,VSV,C121,WT_2E1,2.000703641,4.491569094,4.491569094,IC50,FALSE
4B,VSV,C121,WT_2E1,2.004676077,8.601130472,8.601130472,IC50,FALSE
4B,VSV,C121,E484K,2.989481765,9568.965183,9568.965183,IC50,TRUE
4B,VSV,C121,Q493R,3.993589909,9552.023176,9552.023176,IC50,TRUE
4B,VSV,C121,R346S,5.006002461,19.02530008,19.02530008,IC50,FALSE
4B,VSV,C121,R346S,5.009537499,5.349350223,5.349350223,IC50,FALSE
4B,VSV,C121,N440K,6.006751498,9.09034506,9.09034506,IC50,FALSE
4B,VSV,C121,K444N,7.003029123,14.53411138,14.53411138,IC50,FALSE
4B,VSV,C121,K444T,7.997522981,20.8019901,20.8019901,IC50,FALSE
4B,VSV,C121,V445E,9.01712146,6.945224768,6.945224768,IC50,FALSE
4B,VSV,C121,V445L,10.01106894,4.422446047,4.422446047,IC50,FALSE
4B,VSV,C121,V445G,11.00420949,43.63633053,43.63633053,IC50,FALSE
4B,VSV,C135,WT_1D7,1,6.062378043,6.062378043,IC50,FALSE
4B,VSV,C135,WT_1D7,1.008528026,4.623377553,4.623377553,IC50,FALSE
4B,VSV,C135,WT_2E1,1.992063492,8.807516568,8.807516568,IC50,FALSE
4B,VSV,C135,WT_2E1,2.009349447,6.980118491,6.980118491,IC50,FALSE
4B,VSV,C135,E484K,3.002248009,7.074709477,7.074709477,IC50,FALSE
4B,VSV,C135,Q493R,4.011291264,7.719382558,7.719382558,IC50,FALSE
4B,VSV,C135,R346S,5.012262172,9346.554601,9346.554601,IC50,TRUE
4B,VSV,C135,N440K,6.008096133,9355.823646,9355.823646,IC50,TRUE
4B,VSV,C135,K444N,7.00209547,90.53663955,90.53663955,IC50,FALSE
4B,VSV,C135,K444T,8.007102551,646.0108588,646.0108588,IC50,FALSE
4B,VSV,C135,V445E,9.005087797,158.7159181,158.7159181,IC50,FALSE
4B,VSV,C135,V445L,10.00500819,23.27734636,23.27734636,IC50,FALSE
4B,VSV,C135,V445G,11.00847203,444.5137491,444.5137491,IC50,FALSE
4B,VSV,C144,WT_1D7,0.996788287,6.384036909,6.384036909,IC50,FALSE
4B,VSV,C144,WT_1D7,0.997943006,10.55656058,10.55656058,IC50,FALSE
4B,VSV,C144,WT_2E1,1.993377483,14.55604797,14.55604797,IC50,FALSE
4B,VSV,C144,WT_2E1,1.994120769,11.17759687,11.17759687,IC50,FALSE
4B,VSV,C144,E484K,2.991463747,9348.856545,9348.856545,IC50,TRUE
4B,VSV,C144,Q493R,4.004833099,9358.3245,9358.3245,IC50,TRUE
4B,VSV,C144,R346S,4.999046759,4.59238512,4.59238512,IC50,FALSE
4B,VSV,C144,R346S,5.000201479,13.52408316,13.52408316,IC50,FALSE
4B,VSV,C144,N440K,5.994338157,11.77876441,11.77876441,IC50,FALSE
4B,VSV,C144,K444N,7.002820136,14.8633668,14.8633668,IC50,FALSE
4B,VSV,C144,K444T,7.9959969,19.76168703,19.76168703,IC50,FALSE
4B,VSV,C144,V445E,9.004192031,11.08453242,11.08453242,IC50,FALSE
4B,VSV,C144,V445L,10.00648873,11.61534332,11.61534332,IC50,FALSE
4B,VSV,C144,V445G,11.00148656,19.51162441,19.51162441,IC50,FALSE
6C,VSV,COV-47,WT_1D7,1.024556102,7206.7949,0.000138758,NT50,FALSE
6C,VSV,COV-47,WT_1D7,1.029527698,14861.41631,6.72883E-05,NT50,FALSE
6C,VSV,COV-47,WT_1D7,1.033414784,13340.93564,7.49573E-05,NT50,FALSE
6C,VSV,COV-47,WT_2E1,2.004732405,10042.89613,9.95729E-05,NT50,FALSE
6C,VSV,COV-47,WT_2E1,2.020759048,6198.512292,0.000161329,NT50,FALSE
6C,VSV,COV-47,WT_2E1,2.053306281,15978.06981,6.25858E-05,NT50,FALSE
6C,VSV,COV-47,E484K,2.997343564,1645.336681,0.000607778,NT50,FALSE
6C,VSV,COV-47,Q493R,4.00774202,10031.28174,9.96882E-05,NT50,FALSE
6C,VSV,COV-47,R346S,5.009179225,3259.704916,0.000306776,NT50,FALSE
6C,VSV,COV-47,R346S,5.016431047,6105.296303,0.000163792,NT50,FALSE
6C,VSV,COV-47,N440K,6.036071555,7159.77706,0.000139669,NT50,FALSE
6C,VSV,COV-47,K444N,7.003717641,13378.86753,7.47447E-05,NT50,FALSE
6C,VSV,COV-47,K444T,8.086651557,6363.05983,0.000157157,NT50,FALSE
6C,VSV,COV-47,V445E,9.021852732,5118.674597,0.000195363,NT50,FALSE
6C,VSV,COV-47,V445L,10.0172873,5882.175744,0.000170005,NT50,FALSE
6C,VSV,COV-47,V445G,11.03820405,6529.650994,0.000153148,NT50,FALSE
6C,VSV,COV-47,N148S,12.02592064,1925.439931,0.000519362,NT50,FALSE
6C,VSV,COV-47,N150R,13.04378761,2190.064239,0.000456608,NT50,FALSE
6C,VSV,COV-47,K150E,14.01503906,2792.640163,0.000358084,NT50,FALSE
6C,VSV,COV-47,S151P,14.99715583,1457.888381,0.000685924,NT50,FALSE
6C,VSV,COV-72,WT_1D7,1.002707958,6705.310421,0.000149136,NT50,FALSE
6C,VSV,COV-72,WT_1D7,1.007382963,5945.608606,0.000168191,NT50,FALSE
6C,VSV,COV-72,WT_1D7,1.022248578,13736.63645,7.2798E-05,NT50,FALSE
6C,VSV,COV-72,WT_2E1,2.010571683,11030.90424,9.06544E-05,NT50,FALSE
6C,VSV,COV-72,WT_2E1,2.011240227,13683.40859,7.30812E-05,NT50,FALSE
6C,VSV,COV-72,WT_2E1,2.074586861,6734.705057,0.000148485,NT50,FALSE
6C,VSV,COV-72,E484K,2.997432819,3071.514013,0.000325572,NT50,FALSE
6C,VSV,COV-72,Q493R,3.99638036,10548.26693,9.48023E-05,NT50,FALSE
6C,VSV,COV-72,R346S,4.99762559,3551.754922,0.000281551,NT50,FALSE
6C,VSV,COV-72,R346S,4.999122702,6342.766811,0.00015766,NT50,FALSE
6C,VSV,COV-72,N440K,6.105613973,10228.34365,9.77675E-05,NT50,FALSE
6C,VSV,COV-72,K444N,7.041342925,9315.331073,0.00010735,NT50,FALSE
6C,VSV,COV-72,K444T,8.007537106,4998.398256,0.000200064,NT50,FALSE
6C,VSV,COV-72,V445E,9.008079888,3261.147771,0.000306641,NT50,FALSE
6C,VSV,COV-72,V445L,10.02726575,4172.503545,0.000239664,NT50,FALSE
6C,VSV,COV-72,V445G,11.0166432,5614.584705,0.000178108,NT50,FALSE
6C,VSV,COV-72,N148S,12.06566449,3791.994461,0.000263713,NT50,FALSE
6C,VSV,COV-72,N150R,13.03154343,3250.347409,0.000307659,NT50,FALSE
6C,VSV,COV-72,K150E,14.00690726,4175.011793,0.00023952,NT50,FALSE
6C,VSV,COV-72,S151P,15.00932403,2078.315091,0.000481159,NT50,FALSE
6C,VSV,COV-107,WT_1D7,1.012931745,127.5925656,0.007837447,NT50,FALSE
6C,VSV,COV-107,WT_1D7,0.996262998,302.6616685,0.003304019,NT50,FALSE
6C,VSV,COV-107,WT_1D7,1.992110235,528.6334334,0.00189167,NT50,FALSE
6C,VSV,COV-107,WT_2E1,2.026754634,115.2497183,0.008676811,NT50,FALSE
6C,VSV,COV-107,WT_2E1,2.026183073,287.2644858,0.003481113,NT50,FALSE
6C,VSV,COV-107,WT_2E1,2.980917009,40.63242012,0.024610889,NT50,FALSE
6C,VSV,COV-107,E484K,3.984529891,83.81487371,0.011931057,NT50,FALSE
6C,VSV,COV-107,Q493R,4.986703363,103.5201899,0.009659951,NT50,FALSE
6C,VSV,COV-107,R346S,4.991215071,217.9626405,0.004587942,NT50,FALSE
6C,VSV,COV-107,R346S,5.992386387,143.2373602,0.006981419,NT50,FALSE
6C,VSV,COV-107,N440K,6.99308618,1524.95213,0.000655758,NT50,FALSE
6C,VSV,COV-107,K444N,7.996248807,334.9309374,0.00298569,NT50,FALSE
6C,VSV,COV-107,K444T,8.99298594,78.23158735,0.012782561,NT50,FALSE
6C,VSV,COV-107,V445E,9.980712389,98.37378236,0.01016531,NT50,FALSE
6C,VSV,COV-107,V445L,11.00116195,480.1273528,0.002082781,NT50,FALSE
6C,VSV,COV-107,V445G,12.04380915,179.1778728,0.005581046,NT50,FALSE
6C,VSV,COV-107,N148S,13.01207179,151.3944872,0.00660526,NT50,FALSE
6C,VSV,COV-107,N150R,14.00038111,645.9975398,0.001547994,NT50,FALSE
6C,VSV,COV-107,K150E,14.99656131,103.7447921,0.009639038,NT50,FALSE
6C,VSV,COV-107,S151P,0.98830619,329.5824455,0.003034142,NT50,FALSE
7A,lenti,C121,WT,1.017731484,1.965479513,1.965479513,IC50,FALSE
7A,lenti,C121,R346S,2.015366065,1.55929869,1.55929869,IC50,FALSE
7A,lenti,C121,R346K,3.006176813,1.523632274,1.523632274,IC50,FALSE
7A,lenti,C121,V367F,3.99812336,0.970654857,0.970654857,IC50,FALSE
7A,lenti,C121,N439K,5.015940023,4.875028789,4.875028789,IC50,FALSE
7A,lenti,C121,N440K,6.007633414,3.416385719,3.416385719,IC50,FALSE
7A,lenti,C121,K444Q,6.999128869,2.579467975,2.579467975,IC50,FALSE
7A,lenti,C121,K444R,8.009300736,2.049366861,2.049366861,IC50,FALSE
7A,lenti,C121,K444N,9.01142072,3.184591512,3.184591512,IC50,FALSE
7A,lenti,C121,V445I,10.01138766,1.049649534,1.049649534,IC50,FALSE
7A,lenti,C121,V445L,10.99997591,2.368632851,2.368632851,IC50,FALSE
7A,lenti,C121,V445E,11.99157888,1.717413915,1.717413915,IC50,FALSE
7A,lenti,C121,G446V,13.00628972,27.78192611,27.78192611,IC50,FALSE
7A,lenti,C121,G446S,14.00298741,2.95713404,2.95713404,IC50,FALSE
7A,lenti,C121,L455R,14.98268866,189.6015356,189.6015356,IC50,FALSE
7A,lenti,C121,L455I,16.02809023,3.298082437,3.298082437,IC50,FALSE
7A,lenti,C121,L455F,17.02427426,47.92403899,47.92403899,IC50,FALSE
7A,lenti,C121,F456V,18.02436953,15.05065029,15.05065029,IC50,FALSE
7A,lenti,C121,A475V,19.02110582,1.578888288,1.578888288,IC50,FALSE
7A,lenti,C121,A475D,20.043573,1.376083603,1.376083603,IC50,FALSE
7A,lenti,C121,G476A,21.03356615,1.829444904,1.829444904,IC50,FALSE
7A,lenti,C121,G476S,22.02521132,1.305556655,1.305556655,IC50,FALSE
7A,lenti,C121,T478I,23.02067288,2.347824956,2.347824956,IC50,FALSE
7A,lenti,C121,V483I,24.02639517,0.939556276,0.939556276,IC50,FALSE
7A,lenti,C121,V483A,25.02084864,26.19738014,26.19738014,IC50,FALSE
7A,lenti,C121,V483F,26.02377781,2.829818254,2.829818254,IC50,FALSE
7A,lenti,C121,E484Q,27.00536405,10036.9106,10036.9106,IC50,TRUE
7A,lenti,C121,E484A,28.01492571,10034.45486,10034.45486,IC50,TRUE
7A,lenti,C121,E484D,29.00567696,10027.10984,10027.10984,IC50,TRUE
7A,lenti,C121,F490S,29.99642471,10032.98543,10032.98543,IC50,TRUE
7A,lenti,C121,F490L,30.99343797,10057.99509,10057.99509,IC50,TRUE
7A,lenti,C121,Q493K,32.00927304,10044.74692,10044.74692,IC50,TRUE
7A,lenti,C121,Q493R,33.00002351,10040.33475,10040.33475,IC50,TRUE
7A,lenti,C121,Q493L,34.01475729,12.72154672,12.72154672,IC50,FALSE
7A,lenti,C121,S494P,34.97590817,69.69221801,69.69221801,IC50,FALSE
7A,lenti,C121,N501Y,36.00191166,1.511851885,1.511851885,IC50,FALSE
7A,lenti,C121,V503F,37.02223392,2.955402264,2.955402264,IC50,FALSE
7A,lenti,C135,WT,0.985605289,2.110427387,2.110427387,IC50,FALSE
7A,lenti,C135,R346S,1.995818752,10040.05722,10040.05722,IC50,TRUE
7A,lenti,C135,R346K,2.999757598,4967.322652,4967.322652,IC50,FALSE
7A,lenti,C135,V367F,3.991147209,1.17407344,1.17407344,IC50,FALSE
7A,lenti,C135,N439K,4.988811437,522.8833465,522.8833465,IC50,FALSE
7A,lenti,C135,N440K,5.992750283,10066.7744,10066.7744,IC50,TRUE
7A,lenti,C135,K444Q,7.002963746,97.75571856,97.75571856,IC50,FALSE
7A,lenti,C135,K444R,7.994353357,2.3846932,2.3846932,IC50,FALSE
7A,lenti,C135,K444N,8.985742967,135.3016235,135.3016235,IC50,FALSE
7A,lenti,C135,V445I,9.983407195,12.03199037,12.03199037,IC50,FALSE
7A,lenti,C135,V445L,10.98734604,27.95305686,27.95305686,IC50,FALSE
7A,lenti,C135,V445E,11.99128489,4.828038848,4.828038848,IC50,FALSE
7A,lenti,C135,G446V,12.98894912,1841.300047,1841.300047,IC50,FALSE
7A,lenti,C135,G446S,13.99288796,7.364551142,7.364551142,IC50,FALSE
7A,lenti,C135,L455R,15.00310142,1.87306646,1.87306646,IC50,FALSE
7A,lenti,C135,L455I,15.99449103,1.736229396,1.736229396,IC50,FALSE
7A,lenti,C135,L455F,16.98588065,3.731996754,3.731996754,IC50,FALSE
7A,lenti,C135,F456V,17.97476568,0.523740223,0.523740223,IC50,FALSE
7A,lenti,C135,A475V,19.02513143,2.822806092,2.822806092,IC50,FALSE
7A,lenti,C135,A475D,20.02279565,1.075533941,1.075533941,IC50,FALSE
7A,lenti,C135,G476A,21.01418526,2.148199698,2.148199698,IC50,FALSE
7A,lenti,C135,G476S,22.00557487,1.413259439,1.413259439,IC50,FALSE
7A,lenti,C135,T478I,23.0032391,4.72860241,4.72860241,IC50,FALSE
7A,lenti,C135,V483I,24.00717795,2.291014047,2.291014047,IC50,FALSE
7A,lenti,C135,V483A,25.01111679,2.128022908,2.128022908,IC50,FALSE
7A,lenti,C135,V483F,26.00878102,2.797262275,2.797262275,IC50,FALSE
7A,lenti,C135,E484Q,27.01271987,3.008950273,3.008950273,IC50,FALSE
7A,lenti,C135,E484A,28.02293333,4.024406562,4.024406562,IC50,FALSE
7A,lenti,C135,E484D,29.01432294,2.161900435,2.161900435,IC50,FALSE
7A,lenti,C135,F490S,30.00571255,2.503460848,2.503460848,IC50,FALSE
7A,lenti,C135,F490L,31.00337678,4.510247502,4.510247502,IC50,FALSE
7A,lenti,C135,Q493K,31.99476639,3.044792466,3.044792466,IC50,FALSE
7A,lenti,C135,Q493R,32.99870524,2.988515686,2.988515686,IC50,FALSE
7A,lenti,C135,Q493L,34.0089187,4.250681037,4.250681037,IC50,FALSE
7A,lenti,C135,S494P,35.00030831,1.643369852,1.643369852,IC50,FALSE
7A,lenti,C135,N501Y,36.00738447,4.994646445,4.994646445,IC50,FALSE
7A,lenti,C135,V503F,37.01446062,3.220734912,3.220734912,IC50,FALSE
7A,lenti,C144,WT,0.987244785,3.005628756,3.005628756,IC50,FALSE
7A,lenti,C144,R346S,1.984523394,2.124421922,2.124421922,IC50,FALSE
7A,lenti,C144,R346K,2.975529811,2.249663906,2.249663906,IC50,FALSE
7A,lenti,C144,V367F,3.966536228,1.786704601,1.786704601,IC50,FALSE
7A,lenti,C144,N439K,4.988903607,2.739113125,2.739113125,IC50,FALSE
7A,lenti,C144,N440K,5.979910024,2.272882589,2.272882589,IC50,FALSE
7A,lenti,C144,K444Q,6.970916441,2.252470616,2.252470616,IC50,FALSE
7A,lenti,C144,K444R,7.96819505,2.830713081,2.830713081,IC50,FALSE
7A,lenti,C144,K444N,8.984290237,1.932498172,1.932498172,IC50,FALSE
7A,lenti,C144,V445I,9.981568846,2.555509072,2.555509072,IC50,FALSE
7A,lenti,C144,V445L,10.97257526,3.197796099,3.197796099,IC50,FALSE
7A,lenti,C144,V445E,11.96358168,2.265725752,2.265725752,IC50,FALSE
7A,lenti,C144,G446V,12.98594906,3.356151983,3.356151983,IC50,FALSE
7A,lenti,C144,G446S,13.97695548,2.555602788,2.555602788,IC50,FALSE
7A,lenti,C144,L455R,14.96796189,9883.759971,9883.759971,IC50,TRUE
7A,lenti,C144,L455I,16.00287366,2.515478432,2.515478432,IC50,FALSE
7A,lenti,C144,L455F,17.00642446,230.5748015,230.5748015,IC50,FALSE
7A,lenti,C144,F456V,18.00370307,561.8207043,561.8207043,IC50,FALSE
7A,lenti,C144,A475V,18.99470948,4.187979652,4.187979652,IC50,FALSE
7A,lenti,C144,A475D,20.01707686,3.566150198,3.566150198,IC50,FALSE
7A,lenti,C144,G476A,21.00808328,2.830713081,2.830713081,IC50,FALSE
7A,lenti,C144,G476S,21.9990897,2.539068396,2.539068396,IC50,FALSE
7A,lenti,C144,T478I,22.99636831,3.629744893,3.629744893,IC50,FALSE
7A,lenti,C144,V483I,24.01246349,2.410056446,2.410056446,IC50,FALSE
7A,lenti,C144,V483A,25.00346991,2.342010195,2.342010195,IC50,FALSE
7A,lenti,C144,V483F,26.00074852,2.434573389,2.434573389,IC50,FALSE
7A,lenti,C144,E484Q,26.99175494,9884.847392,9884.847392,IC50,TRUE
7A,lenti,C144,E484A,28.01412232,9876.513555,9876.513555,IC50,TRUE
7A,lenti,C144,E484D,29.00512873,1032.321335,1032.321335,IC50,FALSE
7A,lenti,C144,F490S,29.99613515,15.49952257,15.49952257,IC50,FALSE
7A,lenti,C144,F490L,30.99341376,997.0130732,997.0130732,IC50,FALSE
7A,lenti,C144,Q493K,32.00950895,9883.397524,9883.397524,IC50,TRUE
7A,lenti,C144,Q493R,33.00051536,9861.675008,9861.675008,IC50,TRUE
7A,lenti,C144,Q493L,33.99779397,106.236412,106.236412,IC50,FALSE
7A,lenti,C144,S494P,34.96371162,187.8381829,187.8381829,IC50,FALSE
7A,lenti,C144,N501Y,35.97980681,4.374786355,4.374786355,IC50,FALSE
7A,lenti,C144,V503F,37.00217418,3.376521019,3.376521019,IC50,FALSE