isite,site,wildtype,mutant,count,n_countries,frequency
171,501,N,Y,64857,100,0.1347731131203102
147,477,S,N,23554,93,0.04894530900960246
109,439,N,K,8643,67,0.01796018959709578
122,452,L,R,2826,46,0.005872439639175365
154,484,E,K,1958,68,0.004068732064226951
123,453,Y,F,1055,9,0.002192294345127392
87,417,K,N,962,39,0.001999039962097205
190,520,A,S,911,41,0.0018930617520483927
164,494,S,P,852,31,0.001770459509050747
171,501,N,T,674,37,0.0014005747759392058
37,367,V,F,516,37,0.0010722501251997482
147,477,S,R,444,15,0.0009226338286602485
54,384,P,L,366,31,0.0007605495074091237
148,478,T,K,331,19,0.000687819363257978
192,522,A,S,321,34,0.0006670393220719363
192,522,A,V,293,31,0.0006088552067510198
52,382,V,L,253,24,0.0005257350420068532
148,478,T,I,225,11,0.0004675509266859367
147,477,S,I,212,14,0.0004405368731440826
149,479,P,S,156,13,0.00032416864250224943
116,446,G,V,143,19,0.0002971545889603953
16,346,R,K,140,18,0.00029092057660458283
129,459,S,F,140,9,0.00029092057660458283
55,385,T,I,138,17,0.0002867645683673745
14,344,A,S,134,15,0.00027845255189295787
110,440,N,K,128,22,0.00026598452718133286
22,352,A,S,118,11,0.0002452044859952912
27,357,R,K,111,6,0.0002306584571650621
145,475,A,V,105,14,0.00021819043245343712
160,490,F,S,100,13,0.0002078004118604163
178,508,Y,H,99,17,0.00020572240774181214
87,417,K,T,97,11,0.00020156639950460382
54,384,P,S,92,16,0.000191176378911583
153,483,V,F,87,18,0.00018078635831856219
18,348,A,S,82,20,0.00017039633772554137
154,484,E,Q,82,16,0.00017039633772554137
8,338,F,L,76,10,0.0001579283130139164
84,414,Q,R,75,12,0.00015585030889531224
122,452,L,M,73,13,0.0001516943006581039
153,483,V,A,72,6,0.00014961629653949973
24,354,N,D,69,8,0.00014338228418368725
125,455,L,F,67,8,0.00013922627594647894
29,359,S,N,67,7,0.00013922627594647894
145,475,A,S,64,4,0.00013299226359066643
129,459,S,Y,62,15,0.00012883625535345812
151,481,N,K,61,11,0.00012675825123485395
43,373,S,L,61,13,0.00012675825123485395
9,339,G,D,60,5,0.00012468024711624978
46,376,T,I,56,9,0.00011636823064183313
78,408,R,I,56,12,0.00011636823064183313
81,411,A,S,55,12,0.00011429022652322897
146,476,G,S,53,12,0.00011013421828602065
148,478,T,R,47,2,9.766619357439566e-05
84,414,Q,K,46,10,9.55881894557915e-05
199,529,K,R,46,6,9.55881894557915e-05
40,370,N,S,42,3,8.727617298137485e-05
11,341,V,I,41,5,8.519816886277068e-05
37,367,V,I,39,3,8.104216062556236e-05
64,394,N,Y,37,5,7.688615238835403e-05
24,354,N,K,37,7,7.688615238835403e-05
114,444,K,R,37,6,7.688615238835403e-05
156,486,F,L,36,3,7.480814826974986e-05
76,406,E,Q,36,7,7.480814826974986e-05
26,356,K,R,36,6,7.480814826974986e-05
160,490,F,L,34,11,7.065214003254154e-05
155,485,G,R,34,5,7.065214003254154e-05
141,471,E,Q,34,7,7.065214003254154e-05
43,373,S,A,33,5,6.857413591393738e-05
186,516,E,Q,33,11,6.857413591393738e-05
133,463,P,S,33,8,6.857413591393738e-05
191,521,P,R,31,6,6.441812767672906e-05
72,402,I,V,31,4,6.441812767672906e-05
43,373,S,P,31,4,6.441812767672906e-05
18,348,A,P,30,1,6.234012355812489e-05
55,385,T,N,30,1,6.234012355812489e-05
32,362,V,F,30,5,6.234012355812489e-05
138,468,I,V,30,8,6.234012355812489e-05
191,521,P,S,28,9,5.8184115320916564e-05
78,408,R,K,26,10,5.402810708370824e-05
114,444,K,N,26,5,5.402810708370824e-05
120,450,N,K,25,9,5.1950102965104076e-05
164,494,S,L,25,12,5.1950102965104076e-05
115,445,V,A,25,4,5.1950102965104076e-05
140,470,T,I,23,7,4.779409472789575e-05
37,367,V,L,23,8,4.779409472789575e-05
187,517,L,F,22,6,4.571609060929159e-05
173,503,V,F,22,8,4.571609060929159e-05
80,410,I,V,22,8,4.571609060929159e-05
149,479,P,L,22,4,4.571609060929159e-05
24,354,N,S,21,7,4.3638086490687426e-05
9,339,G,S,20,8,4.1560082372083264e-05
22,352,A,V,20,6,4.1560082372083264e-05
89,419,A,S,19,5,3.94820782534791e-05
184,514,S,F,19,9,3.94820782534791e-05
122,452,L,Q,19,11,3.94820782534791e-05
18,348,A,T,18,6,3.740407413487493e-05
16,346,R,S,18,3,3.740407413487493e-05
97,427,D,G,17,3,3.532607001627077e-05
163,493,Q,L,16,4,3.324806589766661e-05
40,370,N,K,16,4,3.324806589766661e-05
5,335,L,F,16,7,3.324806589766661e-05
154,484,E,A,15,5,3.1170061779062444e-05
169,499,P,H,15,4,3.1170061779062444e-05
192,522,A,P,15,8,3.1170061779062444e-05
142,472,I,V,14,5,2.9092057660458282e-05
97,427,D,Y,14,4,2.9092057660458282e-05
97,427,D,V,14,2,2.9092057660458282e-05
104,434,I,V,14,7,2.9092057660458282e-05
73,403,R,K,14,4,2.9092057660458282e-05
154,484,E,G,14,8,2.9092057660458282e-05
116,446,G,S,14,6,2.9092057660458282e-05
151,481,N,D,14,2,2.9092057660458282e-05
110,440,N,Y,14,4,2.9092057660458282e-05
153,483,V,I,13,4,2.701405354185412e-05
59,389,D,E,13,4,2.701405354185412e-05
140,470,T,N,13,6,2.701405354185412e-05
54,384,P,R,13,1,2.701405354185412e-05
199,529,K,N,12,7,2.4936049423249957e-05
169,499,P,S,12,3,2.4936049423249957e-05
151,481,N,S,12,3,2.4936049423249957e-05
64,394,N,T,12,1,2.4936049423249957e-05
147,477,S,G,12,7,2.4936049423249957e-05
154,484,E,D,12,8,2.4936049423249957e-05
42,372,A,V,12,7,2.4936049423249957e-05
176,506,Q,K,12,1,2.4936049423249957e-05
140,470,T,A,12,2,2.4936049423249957e-05
152,482,G,S,11,3,2.2858045304645794e-05
97,427,D,N,11,4,2.2858045304645794e-05
175,505,Y,W,11,1,2.2858045304645794e-05
100,430,T,I,11,5,2.2858045304645794e-05
177,507,P,A,11,2,2.2858045304645794e-05
105,435,A,S,11,8,2.2858045304645794e-05
19,349,S,P,11,6,2.2858045304645794e-05
48,378,K,N,11,3,2.2858045304645794e-05
166,496,G,S,10,2,2.0780041186041632e-05
97,427,D,H,10,6,2.0780041186041632e-05
138,468,I,T,10,6,2.0780041186041632e-05
10,340,E,K,10,3,2.0780041186041632e-05
7,337,P,S,10,3,2.0780041186041632e-05
60,390,L,F,10,6,2.0780041186041632e-05
171,501,N,S,10,5,2.0780041186041632e-05
16,346,R,I,10,3,2.0780041186041632e-05
10,340,E,A,10,2,2.0780041186041632e-05
199,529,K,M,10,2,2.0780041186041632e-05
31,361,C,T,10,5,2.0780041186041632e-05
190,520,A,V,10,5,2.0780041186041632e-05
142,472,I,L,10,2,2.0780041186041632e-05
128,458,K,N,9,7,1.8702037067437466e-05
188,518,L,I,9,2,1.8702037067437466e-05
183,513,L,F,9,5,1.8702037067437466e-05
14,344,A,T,9,5,1.8702037067437466e-05
149,479,P,H,9,4,1.8702037067437466e-05
189,519,H,P,9,5,1.8702037067437466e-05
198,528,K,R,8,2,1.6624032948833303e-05
78,408,R,T,8,3,1.6624032948833303e-05
141,471,E,G,8,2,1.6624032948833303e-05
41,371,S,T,8,2,1.6624032948833303e-05
146,476,G,A,8,4,1.6624032948833303e-05
85,415,T,A,8,3,1.6624032948833303e-05
193,523,T,N,8,2,1.6624032948833303e-05
164,494,S,A,8,4,1.6624032948833303e-05
199,529,K,T,8,6,1.6624032948833303e-05
111,441,L,I,8,5,1.6624032948833303e-05
115,445,V,I,7,3,1.4546028830229141e-05
111,441,L,F,7,3,1.4546028830229141e-05
153,483,V,L,7,4,1.4546028830229141e-05
103,433,V,I,7,4,1.4546028830229141e-05
142,472,I,T,7,3,1.4546028830229141e-05
85,415,T,N,7,5,1.4546028830229141e-05
18,348,A,V,7,3,1.4546028830229141e-05
198,528,K,G,7,5,1.4546028830229141e-05
200,530,S,N,7,5,1.4546028830229141e-05
71,401,V,L,7,5,1.4546028830229141e-05
40,370,N,H,6,1,1.2468024711624978e-05
163,493,Q,K,6,2,1.2468024711624978e-05
47,377,F,L,6,1,1.2468024711624978e-05
113,443,S,A,6,2,1.2468024711624978e-05
96,426,P,S,6,1,1.2468024711624978e-05
1,331,N,T,6,3,1.2468024711624978e-05
16,346,R,T,6,3,1.2468024711624978e-05
117,447,G,V,6,2,1.2468024711624978e-05
118,448,N,S,6,2,1.2468024711624978e-05
160,490,F,V,6,5,1.2468024711624978e-05
65,395,V,I,6,1,1.2468024711624978e-05
65,395,V,L,6,1,1.2468024711624978e-05
191,521,P,L,6,3,1.2468024711624978e-05
130,460,N,I,6,5,1.2468024711624978e-05
77,407,V,A,6,2,1.2468024711624978e-05
173,503,V,I,6,4,1.2468024711624978e-05
126,456,F,L,6,4,1.2468024711624978e-05
132,462,K,T,6,1,1.2468024711624978e-05
41,371,S,P,5,2,1.0390020593020816e-05
14,344,A,V,5,4,1.0390020593020816e-05
177,507,P,S,5,3,1.0390020593020816e-05
59,389,D,N,5,3,1.0390020593020816e-05
9,339,G,V,5,2,1.0390020593020816e-05
7,337,P,T,5,3,1.0390020593020816e-05
174,504,G,D,5,3,1.0390020593020816e-05
28,358,I,V,5,3,1.0390020593020816e-05
7,337,P,L,5,3,1.0390020593020816e-05
115,445,V,F,5,4,1.0390020593020816e-05
175,505,Y,H,5,2,1.0390020593020816e-05
110,440,N,S,5,4,1.0390020593020816e-05
46,376,T,N,5,1,1.0390020593020816e-05
83,413,G,R,5,2,1.0390020593020816e-05
136,466,R,K,5,2,1.0390020593020816e-05
29,359,S,R,5,1,1.0390020593020816e-05
193,523,T,I,5,3,1.0390020593020816e-05
75,405,D,Y,4,3,8.312016474416652e-06
189,519,H,Y,4,2,8.312016474416652e-06
128,458,K,R,4,4,8.312016474416652e-06
192,522,A,G,4,1,8.312016474416652e-06
45,375,S,F,4,3,8.312016474416652e-06
147,477,S,T,4,4,8.312016474416652e-06
141,471,E,A,4,2,8.312016474416652e-06
22,352,A,D,4,2,8.312016474416652e-06
114,444,K,M,4,1,8.312016474416652e-06
145,475,A,T,4,2,8.312016474416652e-06
24,354,N,H,4,2,8.312016474416652e-06
196,526,G,T,4,3,8.312016474416652e-06
155,485,G,V,4,1,8.312016474416652e-06
151,481,N,Y,4,2,8.312016474416652e-06
191,521,P,T,4,4,8.312016474416652e-06
42,372,A,T,4,2,8.312016474416652e-06
81,411,A,T,4,3,8.312016474416652e-06
171,501,N,I,4,4,8.312016474416652e-06
48,378,K,R,4,4,8.312016474416652e-06
138,468,I,F,4,4,8.312016474416652e-06
77,407,V,I,4,4,8.312016474416652e-06
66,396,Y,H,4,2,8.312016474416652e-06
195,525,C,I,4,3,8.312016474416652e-06
4,334,N,K,4,1,8.312016474416652e-06
135,465,E,D,4,3,8.312016474416652e-06
130,460,N,S,3,2,6.234012355812489e-06
110,440,N,D,3,3,6.234012355812489e-06
110,440,N,T,3,1,6.234012355812489e-06
141,471,E,D,3,3,6.234012355812489e-06
39,369,Y,C,3,2,6.234012355812489e-06
34,364,D,N,3,1,6.234012355812489e-06
130,460,N,K,3,3,6.234012355812489e-06
45,375,S,P,3,2,6.234012355812489e-06
116,446,G,A,3,2,6.234012355812489e-06
117,447,G,S,3,2,6.234012355812489e-06
37,367,V,A,3,1,6.234012355812489e-06
120,450,N,D,3,1,6.234012355812489e-06
141,471,E,K,3,3,6.234012355812489e-06
42,372,A,P,3,2,6.234012355812489e-06
127,457,R,K,3,3,6.234012355812489e-06
196,526,G,S,3,2,6.234012355812489e-06
174,504,G,S,3,2,6.234012355812489e-06
50,380,Y,F,3,2,6.234012355812489e-06
130,460,N,T,3,2,6.234012355812489e-06
187,517,L,I,3,2,6.234012355812489e-06
87,417,K,R,3,3,6.234012355812489e-06
16,346,R,G,3,2,6.234012355812489e-06
166,496,G,R,3,1,6.234012355812489e-06
90,420,D,A,3,1,6.234012355812489e-06
3,333,T,I,3,3,6.234012355812489e-06
190,520,A,T,3,2,6.234012355812489e-06
184,514,S,Y,3,3,6.234012355812489e-06
88,418,I,V,3,2,6.234012355812489e-06
83,413,G,E,3,2,6.234012355812489e-06
154,484,E,R,3,2,6.234012355812489e-06
72,402,I,L,3,2,6.234012355812489e-06
98,428,D,V,3,2,6.234012355812489e-06
155,485,G,S,3,3,6.234012355812489e-06
78,408,R,G,3,2,6.234012355812489e-06
193,523,T,S,3,3,6.234012355812489e-06
159,489,Y,H,3,2,6.234012355812489e-06
10,340,E,G,3,2,6.234012355812489e-06
10,340,E,D,3,3,6.234012355812489e-06
201,531,T,N,3,3,6.234012355812489e-06
144,474,Q,H,3,3,6.234012355812489e-06
76,406,E,D,3,3,6.234012355812489e-06
189,519,H,Q,3,2,6.234012355812489e-06
75,405,D,E,3,1,6.234012355812489e-06
163,493,Q,R,3,1,6.234012355812489e-06
29,359,S,G,2,2,4.156008237208326e-06
3,333,T,K,2,2,4.156008237208326e-06
161,491,P,L,2,2,4.156008237208326e-06
169,499,P,L,2,2,4.156008237208326e-06
157,487,N,T,2,1,4.156008237208326e-06
36,366,S,L,2,1,4.156008237208326e-06
160,490,F,Y,2,2,4.156008237208326e-06
132,462,K,I,2,2,4.156008237208326e-06
173,503,V,A,2,2,4.156008237208326e-06
35,365,Y,H,2,1,4.156008237208326e-06
12,342,F,C,2,2,4.156008237208326e-06
200,530,S,T,2,1,4.156008237208326e-06
21,351,Y,H,2,2,4.156008237208326e-06
28,358,I,T,2,2,4.156008237208326e-06
28,358,I,L,2,1,4.156008237208326e-06
143,473,Y,F,2,2,4.156008237208326e-06
26,356,K,T,2,2,4.156008237208326e-06
26,356,K,N,2,2,4.156008237208326e-06
36,366,S,P,2,1,4.156008237208326e-06
199,529,K,Q,2,1,4.156008237208326e-06
23,353,W,C,2,1,4.156008237208326e-06
148,478,T,A,2,1,4.156008237208326e-06
21,351,Y,F,2,2,4.156008237208326e-06
138,468,I,L,2,1,4.156008237208326e-06
29,359,S,T,2,1,4.156008237208326e-06
19,349,S,F,2,2,4.156008237208326e-06
17,347,F,L,2,2,4.156008237208326e-06
30,360,N,S,2,2,4.156008237208326e-06
139,469,S,L,2,1,4.156008237208326e-06
139,469,S,A,2,2,4.156008237208326e-06
15,345,T,S,2,2,4.156008237208326e-06
198,528,K,I,2,2,4.156008237208326e-06
166,496,G,V,2,2,4.156008237208326e-06
25,355,R,S,2,2,4.156008237208326e-06
74,404,G,C,2,2,4.156008237208326e-06
129,459,S,P,2,2,4.156008237208326e-06
184,514,S,T,2,2,4.156008237208326e-06
107,437,N,S,2,2,4.156008237208326e-06
105,435,A,T,2,1,4.156008237208326e-06
51,381,G,R,2,2,4.156008237208326e-06
103,433,V,F,2,2,4.156008237208326e-06
180,510,V,L,2,2,4.156008237208326e-06
100,430,T,A,2,2,4.156008237208326e-06
98,428,D,Y,2,2,4.156008237208326e-06
98,428,D,G,2,2,4.156008237208326e-06
193,523,T,A,2,2,4.156008237208326e-06
55,385,T,A,2,1,4.156008237208326e-06
97,427,D,A,2,2,4.156008237208326e-06
96,426,P,T,2,2,4.156008237208326e-06
183,513,L,I,2,2,4.156008237208326e-06
90,420,D,G,2,2,4.156008237208326e-06
46,376,T,S,2,2,4.156008237208326e-06
185,515,F,L,2,2,4.156008237208326e-06
63,393,T,I,2,2,4.156008237208326e-06
186,516,E,G,2,1,4.156008237208326e-06
64,394,N,I,2,2,4.156008237208326e-06
85,415,T,I,2,2,4.156008237208326e-06
84,414,Q,L,2,1,4.156008237208326e-06
66,396,Y,F,2,2,4.156008237208326e-06
83,413,G,W,2,1,4.156008237208326e-06
83,413,G,V,2,2,4.156008237208326e-06
187,517,L,P,2,2,4.156008237208326e-06
187,517,L,V,2,2,4.156008237208326e-06
69,399,S,P,2,2,4.156008237208326e-06
77,407,V,L,2,1,4.156008237208326e-06
179,509,R,K,2,2,4.156008237208326e-06
182,512,V,I,2,1,4.156008237208326e-06
128,458,K,Q,2,2,4.156008237208326e-06
44,374,F,L,2,1,4.156008237208326e-06
40,370,N,D,2,1,4.156008237208326e-06
126,456,F,Y,2,1,4.156008237208326e-06
121,451,Y,D,2,1,4.156008237208326e-06
42,372,A,S,2,2,4.156008237208326e-06
118,448,N,K,2,1,4.156008237208326e-06
74,404,G,S,2,1,4.156008237208326e-06
116,446,G,D,2,2,4.156008237208326e-06
197,527,P,L,2,2,4.156008237208326e-06
188,518,L,V,1,1,2.078004118604163e-06
200,530,S,F,1,1,2.078004118604163e-06
186,516,E,D,1,1,2.078004118604163e-06
170,500,T,S,1,1,2.078004118604163e-06
171,501,N,H,1,1,2.078004118604163e-06
189,519,H,N,1,1,2.078004118604163e-06
186,516,E,V,1,1,2.078004118604163e-06
174,504,G,Y,1,1,2.078004118604163e-06
191,521,P,H,1,1,2.078004118604163e-06
200,530,S,P,1,1,2.078004118604163e-06
197,527,P,S,1,1,2.078004118604163e-06
190,520,A,E,1,1,2.078004118604163e-06
197,527,P,N,1,1,2.078004118604163e-06
161,491,P,R,1,1,2.078004118604163e-06
161,491,P,H,1,1,2.078004118604163e-06
200,530,S,V,1,1,2.078004118604163e-06
173,503,V,L,1,1,2.078004118604163e-06
164,494,S,T,1,1,2.078004118604163e-06
200,530,S,Y,1,1,2.078004118604163e-06
172,502,G,C,1,1,2.078004118604163e-06
188,518,L,P,1,1,2.078004118604163e-06
189,519,H,L,1,1,2.078004118604163e-06
172,502,G,R,1,1,2.078004118604163e-06
188,518,L,Q,1,1,2.078004118604163e-06
188,518,L,S,1,1,2.078004118604163e-06
163,493,Q,H,1,1,2.078004118604163e-06
195,525,C,W,1,1,2.078004118604163e-06
169,499,P,T,1,1,2.078004118604163e-06
170,500,T,P,1,1,2.078004118604163e-06
195,525,C,V,1,1,2.078004118604163e-06
178,508,Y,F,1,1,2.078004118604163e-06
168,498,Q,K,1,1,2.078004118604163e-06
178,508,Y,S,1,1,2.078004118604163e-06
179,509,R,T,1,1,2.078004118604163e-06
199,529,K,C,1,1,2.078004118604163e-06
180,510,V,E,1,1,2.078004118604163e-06
168,498,Q,P,1,1,2.078004118604163e-06
194,524,V,L,1,1,2.078004118604163e-06
169,499,P,A,1,1,2.078004118604163e-06
194,524,V,I,1,1,2.078004118604163e-06
196,526,G,A,1,1,2.078004118604163e-06
199,529,K,E,1,1,2.078004118604163e-06
199,529,K,I,1,1,2.078004118604163e-06
182,512,V,A,1,1,2.078004118604163e-06
172,502,G,V,1,1,2.078004118604163e-06
182,512,V,L,1,1,2.078004118604163e-06
177,507,P,L,1,1,2.078004118604163e-06
176,506,Q,P,1,1,2.078004118604163e-06
192,522,A,T,1,1,2.078004118604163e-06
196,526,G,K,1,1,2.078004118604163e-06
169,499,P,R,1,1,2.078004118604163e-06
200,530,S,A,1,1,2.078004118604163e-06
198,528,K,E,1,1,2.078004118604163e-06
184,514,S,C,1,1,2.078004118604163e-06
165,495,Y,S,1,1,2.078004118604163e-06
192,522,A,E,1,1,2.078004118604163e-06
165,495,Y,F,1,1,2.078004118604163e-06
1,331,N,S,1,1,2.078004118604163e-06
117,447,G,D,1,1,2.078004118604163e-06
158,488,C,W,1,1,2.078004118604163e-06
59,389,D,Y,1,1,2.078004118604163e-06
67,397,A,S,1,1,2.078004118604163e-06
65,395,V,A,1,1,2.078004118604163e-06
63,393,T,P,1,1,2.078004118604163e-06
60,390,L,P,1,1,2.078004118604163e-06
60,390,L,I,1,1,2.078004118604163e-06
60,390,L,H,1,1,2.078004118604163e-06
59,389,D,T,1,1,2.078004118604163e-06
158,488,C,R,1,1,2.078004118604163e-06
59,389,D,H,1,1,2.078004118604163e-06
58,388,N,T,1,1,2.078004118604163e-06
58,388,N,S,1,1,2.078004118604163e-06
55,385,T,S,1,1,2.078004118604163e-06
54,384,P,T,1,1,2.078004118604163e-06
54,384,P,A,1,1,2.078004118604163e-06
71,401,V,A,1,1,2.078004118604163e-06
72,402,I,F,1,1,2.078004118604163e-06
72,402,I,N,1,1,2.078004118604163e-06
73,403,R,S,1,1,2.078004118604163e-06
74,404,G,A,1,1,2.078004118604163e-06
75,405,D,G,1,1,2.078004118604163e-06
77,407,V,F,1,1,2.078004118604163e-06
79,409,Q,E,1,1,2.078004118604163e-06
79,409,Q,H,1,1,2.078004118604163e-06
81,411,A,D,1,1,2.078004118604163e-06
81,411,A,P,1,1,2.078004118604163e-06
81,411,A,V,1,1,2.078004118604163e-06
82,412,P,L,1,1,2.078004118604163e-06
82,412,P,S,1,1,2.078004118604163e-06
83,413,G,A,1,1,2.078004118604163e-06
84,414,Q,H,1,1,2.078004118604163e-06
84,414,Q,P,1,1,2.078004118604163e-06
52,382,V,M,1,1,2.078004118604163e-06
52,382,V,E,1,1,2.078004118604163e-06
52,382,V,A,1,1,2.078004118604163e-06
26,356,K,E,1,1,2.078004118604163e-06
2,332,I,V,1,1,2.078004118604163e-06
4,334,N,D,1,1,2.078004118604163e-06
5,335,L,S,1,1,2.078004118604163e-06
7,337,P,H,1,1,2.078004118604163e-06
7,337,P,R,1,1,2.078004118604163e-06
10,340,E,Q,1,1,2.078004118604163e-06
15,345,T,I,1,1,2.078004118604163e-06
18,348,A,Q,1,1,2.078004118604163e-06
19,349,S,A,1,1,2.078004118604163e-06
21,351,Y,C,1,1,2.078004118604163e-06
23,353,W,L,1,1,2.078004118604163e-06
23,353,W,R,1,1,2.078004118604163e-06
23,353,W,S,1,1,2.078004118604163e-06
25,355,R,T,1,1,2.078004118604163e-06
30,360,N,Y,1,1,2.078004118604163e-06
50,380,Y,N,1,1,2.078004118604163e-06
32,362,V,I,1,1,2.078004118604163e-06
32,362,V,L,1,1,2.078004118604163e-06
34,364,D,Y,1,1,2.078004118604163e-06
35,365,Y,C,1,1,2.078004118604163e-06
35,365,Y,S,1,1,2.078004118604163e-06
36,366,S,A,1,1,2.078004118604163e-06
38,368,L,I,1,1,2.078004118604163e-06
38,368,L,P,1,1,2.078004118604163e-06
41,371,S,A,1,1,2.078004118604163e-06
41,371,S,F,1,1,2.078004118604163e-06
44,374,F,S,1,1,2.078004118604163e-06
44,374,F,Y,1,1,2.078004118604163e-06
45,375,S,T,1,1,2.078004118604163e-06
49,379,C,F,1,1,2.078004118604163e-06
85,415,T,P,1,1,2.078004118604163e-06
85,415,T,S,1,1,2.078004118604163e-06
87,417,K,E,1,1,2.078004118604163e-06
140,470,T,K,1,1,2.078004118604163e-06
133,463,P,H,1,1,2.078004118604163e-06
133,463,P,L,1,1,2.078004118604163e-06
133,463,P,R,1,1,2.078004118604163e-06
134,464,F,L,1,1,2.078004118604163e-06
135,465,E,G,1,1,2.078004118604163e-06
136,466,R,I,1,1,2.078004118604163e-06
136,466,R,S,1,1,2.078004118604163e-06
137,467,D,K,1,1,2.078004118604163e-06
137,467,D,N,1,1,2.078004118604163e-06
137,467,D,V,1,1,2.078004118604163e-06
137,467,D,Y,1,1,2.078004118604163e-06
138,468,I,M,1,1,2.078004118604163e-06
139,469,S,P,1,1,2.078004118604163e-06
139,469,S,Q,1,1,2.078004118604163e-06
142,472,I,N,1,1,2.078004118604163e-06
132,462,K,N,1,1,2.078004118604163e-06
146,476,G,F,1,1,2.078004118604163e-06
150,480,C,F,1,1,2.078004118604163e-06
150,480,C,W,1,1,2.078004118604163e-06
151,481,N,H,1,1,2.078004118604163e-06
152,482,G,A,1,1,2.078004118604163e-06
152,482,G,R,1,1,2.078004118604163e-06
154,484,E,V,1,1,2.078004118604163e-06
155,485,G,T,1,1,2.078004118604163e-06
156,486,F,I,1,1,2.078004118604163e-06
156,486,F,S,1,1,2.078004118604163e-06
157,487,N,D,1,1,2.078004118604163e-06
157,487,N,H,1,1,2.078004118604163e-06
157,487,N,I,1,1,2.078004118604163e-06
157,487,N,K,1,1,2.078004118604163e-06
132,462,K,R,1,1,2.078004118604163e-06
132,462,K,E,1,1,2.078004118604163e-06
89,419,A,G,1,1,2.078004118604163e-06
109,439,N,D,1,1,2.078004118604163e-06
89,419,A,T,1,1,2.078004118604163e-06
89,419,A,V,1,1,2.078004118604163e-06
90,420,D,N,1,1,2.078004118604163e-06
94,424,K,N,1,1,2.078004118604163e-06
95,425,L,S,1,1,2.078004118604163e-06
95,425,L,V,1,1,2.078004118604163e-06
98,428,D,H,1,1,2.078004118604163e-06
101,431,G,D,1,1,2.078004118604163e-06
101,431,G,R,1,1,2.078004118604163e-06
101,431,G,V,1,1,2.078004118604163e-06
102,432,C,F,1,1,2.078004118604163e-06
107,437,N,I,1,1,2.078004118604163e-06
108,438,S,A,1,1,2.078004118604163e-06
108,438,S,C,1,1,2.078004118604163e-06
109,439,N,S,1,1,2.078004118604163e-06
131,461,L,I,1,1,2.078004118604163e-06
112,442,D,Y,1,1,2.078004118604163e-06
115,445,V,L,1,1,2.078004118604163e-06
118,448,N,D,1,1,2.078004118604163e-06
118,448,N,T,1,1,2.078004118604163e-06
119,449,Y,F,1,1,2.078004118604163e-06
119,449,Y,H,1,1,2.078004118604163e-06
121,451,Y,H,1,1,2.078004118604163e-06
122,452,L,P,1,1,2.078004118604163e-06
123,453,Y,H,1,1,2.078004118604163e-06
123,453,Y,S,1,1,2.078004118604163e-06
124,454,R,G,1,1,2.078004118604163e-06
127,457,R,S,1,1,2.078004118604163e-06
127,457,R,T,1,1,2.078004118604163e-06
131,461,L,F,1,1,2.078004118604163e-06
201,531,T,R,1,1,2.078004118604163e-06
