antibody,mutant,wildtype,site,mutation,IC50_bound,fold_change,virus_type,site_category,mut_escape,site_total_escape,site_avg_escape,site_label,vsv_selection,threshold,strong_escape_site
C121,E484K,E,484,K,True,1771.9460204494096,VSV,contact,0.9998,17.17,0.9035,E484,True,sensitive_max_mut,True
C121,Q493R,Q,493,R,True,1768.808761476474,VSV,contact,0.5222,1.791,0.09948,Q493,False,sensitive_max_mut,True
C121,Q493R,Q,493,R,True,5108.338542117381,lentivirus,contact,0.5222,1.791,0.09948,Q493,False,sensitive_max_mut,True
C121,R346S,R,346,S,False,3.5230355759370346,VSV,distal,0.001716,0.03268,0.001816,R346,False,,False
C121,R346S,R,346,S,False,0.9905731349587054,VSV,distal,0.001716,0.03268,0.001816,R346,False,,False
C121,R346S,R,346,S,False,0.7933426320073783,lentivirus,distal,0.001716,0.03268,0.001816,R346,False,,False
C121,N440K,N,440,K,False,1.6833168943069559,VSV,proximal,0.0017120000000000002,0.03205,0.0017809999999999998,N440,False,,False
C121,N440K,N,440,K,False,1.7381945201684732,lentivirus,proximal,0.0017120000000000002,0.03205,0.0017809999999999998,N440,False,,False
C121,K444N,K,444,N,False,2.6913736572385933,VSV,contact,0.001877,0.03397,0.0017879999999999999,K444,False,,False
C121,K444N,K,444,N,False,1.6202618704171656,lentivirus,contact,0.001877,0.03397,0.0017879999999999999,K444,False,,False
C121,K444T,K,444,T,False,3.852036544203091,VSV,contact,0.001961,0.03397,0.0017879999999999999,K444,False,,False
C121,V445E,V,445,E,False,1.2860913540209997,VSV,proximal,0.001772,0.03369,0.001773,V445,False,,False
C121,V445E,V,445,E,False,0.8737887643400738,lentivirus,proximal,0.001772,0.03369,0.001773,V445,False,,False
C121,V445L,V,445,L,False,0.818932405309168,VSV,proximal,0.0016309999999999999,0.03369,0.001773,V445,False,,False
C121,V445L,V,445,L,False,1.2051170390398265,lentivirus,proximal,0.0016309999999999999,0.03369,0.001773,V445,False,,False
C121,V445G,V,445,G,False,8.08041629903886,VSV,proximal,0.001741,0.03369,0.001773,V445,False,,False
C135,E484K,E,484,K,False,1.0689540405605444,VSV,unresolved,0.001622,0.03751,0.001974,E484,False,,False
C135,Q493R,Q,493,R,False,1.1663609937387525,VSV,distal,0.001551,0.035910000000000004,0.001995,Q493,False,,False
C135,Q493R,Q,493,R,False,1.4160713154164541,lentivirus,distal,0.001551,0.035910000000000004,0.001995,Q493,False,,False
C135,R346S,R,346,S,True,1412.2187403652017,VSV,contact,0.8129,13.95,0.775,R346,True,sensitive_max_mut,True
C135,R346S,R,346,S,True,4757.357339961396,lentivirus,contact,0.8129,13.95,0.775,R346,True,sensitive_max_mut,True
C135,N440K,N,440,K,True,1413.6192477835061,VSV,contact,0.8145,2.9760000000000004,0.1654,N440,True,sensitive_max_mut,True
C135,N440K,N,440,K,True,4770.01694633524,lentivirus,contact,0.8145,2.9760000000000004,0.1654,N440,True,sensitive_max_mut,True
C135,K444N,K,444,N,False,13.679643945857833,VSV,proximal,0.003633,5.954,0.3134,K444,False,sensitive_max_mut,True
C135,K444N,K,444,N,False,64.11100629827071,lentivirus,proximal,0.003633,5.954,0.3134,K444,False,sensitive_max_mut,True
C135,K444T,K,444,T,False,97.6090848684679,VSV,proximal,0.07339,5.954,0.3134,K444,False,sensitive_max_mut,True
C135,V445E,V,445,E,False,23.98119986493283,VSV,unresolved,0.001283,0.6974,0.03671,V445,False,,False
C135,V445E,V,445,E,False,2.2877066881050667,lentivirus,unresolved,0.001283,0.6974,0.03671,V445,False,,False
C135,V445L,V,445,L,False,3.517093320360705,VSV,unresolved,0.0018969999999999998,0.6974,0.03671,V445,False,,False
C135,V445L,V,445,L,False,13.245211388076058,lentivirus,unresolved,0.0018969999999999998,0.6974,0.03671,V445,False,,False
C135,V445G,V,445,G,False,67.16385594771485,VSV,unresolved,0.2112,0.6974,0.03671,V445,False,,False
C144,E484K,E,484,K,True,876.2997100615729,VSV,contact,0.9664,18.44,0.9705,E484,True,sensitive_max_mut,True
C144,Q493R,Q,493,R,True,877.1871732696604,VSV,contact,0.9808,11.34,0.6298,Q493,True,sensitive_max_mut,True
C144,Q493R,Q,493,R,True,3281.0688905985435,lentivirus,contact,0.9808,11.34,0.6298,Q493,True,sensitive_max_mut,True
C144,R346S,R,346,S,False,0.43045967491065845,VSV,distal,0.0013830000000000001,0.02431,0.00135,R346,False,,False
C144,R346S,R,346,S,False,1.267657717808804,VSV,distal,0.0013830000000000001,0.02431,0.00135,R346,False,,False
C144,R346S,R,346,S,False,0.7068144785875876,lentivirus,distal,0.0013830000000000001,0.02431,0.00135,R346,False,,False
C144,N440K,N,440,K,False,1.1040631319652552,VSV,proximal,0.001233,0.02937,0.001632,N440,False,,False
C144,N440K,N,440,K,False,0.7562086915966411,lentivirus,proximal,0.001233,0.02937,0.001632,N440,False,,False
C144,K444N,K,444,N,False,1.393193269645877,VSV,proximal,0.001448,0.027410000000000004,0.001443,K444,False,,False
C144,K444N,K,444,N,False,0.6429597029048386,lentivirus,proximal,0.001448,0.027410000000000004,0.001443,K444,False,,False
C144,K444T,K,444,T,False,1.852329269506033,VSV,proximal,0.0009068999999999999,0.027410000000000004,0.001443,K444,False,,False
C144,V445E,V,445,E,False,1.0389904368581906,VSV,distal,0.001384,0.03094,0.001628,V445,False,,False
C144,V445E,V,445,E,False,0.7538275468908242,lentivirus,distal,0.001384,0.03094,0.001628,V445,False,,False
C144,V445L,V,445,L,False,1.088745124560217,VSV,distal,0.001103,0.03094,0.001628,V445,False,,False
C144,V445L,V,445,L,False,1.0639358212874377,lentivirus,distal,0.001103,0.03094,0.001628,V445,False,,False
C144,V445G,V,445,G,False,1.8288900606200613,VSV,distal,0.001519,0.03094,0.001628,V445,False,,False
COV-47,E484K,E,484,K,False,6.032622802015512,VSV,other,0.08077999999999999,3.0660000000000003,0.1614,E484,False,sensitive_max_mut,True
COV-47,Q493R,Q,493,R,False,0.9894752827708189,VSV,other,0.014459999999999999,0.40700000000000003,0.022609999999999998,Q493,False,sensitive_max_mut,True
COV-47,R346S,R,346,S,False,3.044966900268043,VSV,other,0.0036090000000000002,0.07249,0.004027,R346,False,,False
COV-47,R346S,R,346,S,False,1.6257504450436258,VSV,other,0.0036090000000000002,0.07249,0.004027,R346,False,,False
COV-47,N440K,N,440,K,False,1.3863127558659651,VSV,other,0.00279,0.055310000000000005,0.003073,N440,False,,False
COV-47,K444N,K,444,N,False,0.7418935557881476,VSV,other,0.0156,0.1462,0.007697,K444,False,,False
COV-47,K444T,K,444,T,False,1.5598934178209014,VSV,other,0.003232,0.1462,0.007697,K444,False,,False
COV-47,V445E,V,445,E,False,1.9391147564902915,VSV,other,0.002171,0.08177000000000001,0.004304,V445,False,,False
COV-47,V445L,V,445,L,False,1.6874188263751686,VSV,other,0.002668,0.08177000000000001,0.004304,V445,False,,False
COV-47,V445G,V,445,G,False,1.5201012818546766,VSV,other,0.0254,0.08177000000000001,0.004304,V445,False,,False
COV-72,E484K,E,484,K,False,2.78129741255587,VSV,other,0.01005,2.12,0.1116,E484,False,sensitive_max_mut,True
COV-72,Q493R,Q,493,R,False,0.8098773595221498,VSV,other,0.0125,0.1171,0.006504,Q493,False,,False
COV-72,R346S,R,346,S,False,2.4052346878801547,VSV,other,0.006712999999999999,0.2305,0.01281,R346,False,,False
COV-72,R346S,R,346,S,False,1.3468582988204099,VSV,other,0.006712999999999999,0.2305,0.01281,R346,False,,False
COV-72,N440K,N,440,K,False,0.8352084785609819,VSV,other,0.0008165,0.136,0.007554000000000001,N440,False,,False
COV-72,K444N,K,444,N,False,0.9170698869616325,VSV,other,0.023,0.3222,0.01696,K444,False,,False
COV-72,K444T,K,444,T,False,1.7091073112723993,VSV,other,0.01491,0.3222,0.01696,K444,False,,False
COV-72,V445E,V,445,E,False,2.6195736116236787,VSV,other,0.005412,0.2549,0.01342,V445,False,,False
COV-72,V445L,V,445,L,False,2.0474023045064995,VSV,other,0.012029999999999999,0.2549,0.01342,V445,False,,False
COV-72,V445G,V,445,G,False,1.5215415316903813,VSV,other,0.041960000000000004,0.2549,0.01342,V445,False,,False
COV-107,E484K,E,484,K,False,1.4374204913145068,VSV,other,0.062310000000000004,2.742,0.1443,E484,False,sensitive_max_mut,True
COV-107,Q493R,Q,493,R,False,1.1638039708044359,VSV,other,0.02026,0.9534,0.05297,Q493,False,,False
COV-107,R346S,R,346,S,False,0.5527424639545734,VSV,other,0.027760000000000003,0.6112,0.033960000000000004,R346,False,,False
COV-107,R346S,R,346,S,False,0.8411019014536962,VSV,other,0.027760000000000003,0.6112,0.033960000000000004,R346,False,,False
COV-107,N440K,N,440,K,False,0.07900389601218218,VSV,other,0.03092,0.6427,0.035710000000000006,N440,False,,False
COV-107,K444N,K,444,N,False,0.35970760903353405,VSV,other,0.08571000000000001,1.213,0.06387000000000001,K444,False,,False
COV-107,K444T,K,444,T,False,1.5400073197938502,VSV,other,0.05322,1.213,0.06387000000000001,K444,False,,False
COV-107,V445E,V,445,E,False,1.2246882145114444,VSV,other,0.0296,0.8809999999999999,0.04637,V445,False,,False
COV-107,V445L,V,445,L,False,0.25092764943797685,VSV,other,0.043210000000000005,0.8809999999999999,0.04637,V445,False,,False
COV-107,V445G,V,445,G,False,0.6723888657449933,VSV,other,0.1606,0.8809999999999999,0.04637,V445,False,,False
C121,R346K,R,346,K,False,0.7751962123860612,lentivirus,distal,0.0016530000000000002,0.03268,0.001816,R346,False,,False
C121,V367F,V,367,F,False,0.4938514243368763,lentivirus,proximal,0.001462,0.03344,0.00176,V367,False,,False
C121,N439K,N,439,K,False,2.4803254151242835,lentivirus,distal,0.0016539999999999999,0.01796,0.001796,N439,False,,False
C121,K444Q,K,444,Q,False,1.3123860909966147,lentivirus,contact,0.001766,0.03397,0.0017879999999999999,K444,False,,False
C121,K444R,K,444,R,False,1.042680347185079,lentivirus,contact,0.001756,0.03397,0.0017879999999999999,K444,False,,False
C121,V445I,V,445,I,False,0.5340424700727979,lentivirus,proximal,0.001734,0.03369,0.001773,V445,False,,False
C121,G446V,G,446,V,False,14.134935483298523,lentivirus,proximal,0.001757,0.034089999999999995,0.001794,G446,False,,False
C121,G446S,G,446,S,False,1.50453567205409,lentivirus,proximal,0.0018390000000000001,0.034089999999999995,0.001794,G446,False,,False
C121,L455R,L,455,R,False,96.46579083930651,lentivirus,contact,0.2934,0.7822,0.048889999999999996,L455,False,,False
C121,L455I,L,455,I,False,1.6780039757148055,lentivirus,contact,0.0018149999999999998,0.7822,0.048889999999999996,L455,False,,False
C121,L455F,L,455,F,False,24.38287383461524,lentivirus,contact,0.002262,0.7822,0.048889999999999996,L455,False,,False
C121,F456V,F,456,V,False,7.657495379856448,lentivirus,contact,0.01072,3.057,0.2183,F456,False,sensitive_max_mut,True
C121,A475V,A,475,V,False,0.8033094609010052,lentivirus,contact,0.0017699999999999999,0.02922,0.0018260000000000001,A475,False,,False
C121,A475D,A,475,D,False,0.7001261493179451,lentivirus,contact,0.0017640000000000002,0.02922,0.0018260000000000001,A475,False,,False
C121,G476A,G,476,A,False,0.9307880809236397,lentivirus,proximal,0.001661,0.017730000000000003,0.001773,G476,False,,False
C121,G476S,G,476,S,False,0.6642433291035784,lentivirus,proximal,0.001842,0.017730000000000003,0.001773,G476,False,,False
C121,T478I,T,478,I,False,1.1945303629323556,lentivirus,proximal,0.0017399999999999998,0.033819999999999996,0.0017800000000000001,T478,False,,False
C121,V483I,V,483,I,False,0.47802903555372744,lentivirus,proximal,0.0017079999999999999,0.03424,0.001902,V483,False,,False
C121,V483A,V,483,A,False,13.328747497354351,lentivirus,proximal,0.001808,0.03424,0.001902,V483,False,,False
C121,V483F,V,483,F,False,1.4397597305304497,lentivirus,proximal,0.001812,0.03424,0.001902,V483,False,,False
C121,E484Q,E,484,Q,True,5106.596397273157,lentivirus,contact,0.4795,17.17,0.9035,E484,False,sensitive_max_mut,True
C121,E484A,E,484,A,True,5105.346961711119,lentivirus,contact,0.9156,17.17,0.9035,E484,False,sensitive_max_mut,True
C121,E484D,E,484,D,True,5101.609949978655,lentivirus,contact,0.5575,17.17,0.9035,E484,False,sensitive_max_mut,True
C121,F490S,F,490,S,True,5104.599342623623,lentivirus,contact,0.3109,11.68,0.6149,F490,False,sensitive_max_mut,True
C121,F490L,F,490,L,True,5117.3237998538225,lentivirus,contact,0.9838,11.68,0.6149,F490,True,sensitive_max_mut,True
C121,Q493K,Q,493,K,True,5110.583373452847,lentivirus,contact,0.9191,1.791,0.09948,Q493,True,sensitive_max_mut,True
C121,Q493L,Q,493,L,False,6.472490115443905,lentivirus,contact,0.005333,1.791,0.09948,Q493,False,sensitive_max_mut,True
C121,S494P,S,494,P,False,35.4581248743853,lentivirus,contact,0.001714,1.09,0.07267,S494,False,sensitive_max_mut,True
C121,N501Y,N,501,Y,False,0.7692025660915652,lentivirus,proximal,0.001786,0.02858,0.001786,N501,False,,False
C121,V503F,V,503,F,False,1.5036545761237858,lentivirus,contact,0.001842,0.03457,0.0019210000000000002,V503,False,,False
C135,R346K,R,346,K,False,2353.704601540977,lentivirus,contact,0.8195,13.95,0.775,R346,True,sensitive_max_mut,True
C135,V367F,V,367,F,False,0.5563202255771332,lentivirus,distal,0.0014759999999999999,0.036180000000000004,0.0019039999999999999,V367,False,,False
C135,N439K,N,439,K,False,247.76182763780633,lentivirus,contact,0.01011,0.06377000000000001,0.006377000000000001,N439,False,,False
C135,K444Q,K,444,Q,False,46.32034210803198,lentivirus,proximal,0.00162,5.954,0.3134,K444,False,sensitive_max_mut,True
C135,K444R,K,444,R,False,1.1299574743435605,lentivirus,proximal,0.001448,5.954,0.3134,K444,False,sensitive_max_mut,True
C135,V445I,V,445,I,False,5.70121030655484,lentivirus,unresolved,0.001778,0.6974,0.03671,V445,False,,False
C135,G446V,G,446,V,False,872.4773277404403,lentivirus,unresolved,0.1596,0.3554,0.01871,G446,False,,False
C135,G446S,G,446,S,False,3.4896017685160947,lentivirus,unresolved,0.001748,0.3554,0.01871,G446,False,,False
C135,L455R,L,455,R,False,0.8875294509244349,lentivirus,distal,0.0015660000000000001,0.03715,0.002322,L455,False,,False
C135,L455I,L,455,I,False,0.822690895074136,lentivirus,distal,0.0027890000000000002,0.03715,0.002322,L455,False,,False
C135,L455F,L,455,F,False,1.7683606538602978,lentivirus,distal,0.001503,0.03715,0.002322,L455,False,,False
C135,F456V,F,456,V,False,0.24816784800376548,lentivirus,distal,0.003137,0.02685,0.001918,F456,False,,False
C135,A475V,A,475,V,False,1.3375518671659465,lentivirus,unresolved,0.0017989999999999998,0.027219999999999998,0.0017010000000000003,A475,False,,False
C135,A475D,A,475,D,False,0.5096284987700456,lentivirus,unresolved,0.0017399999999999998,0.027219999999999998,0.0017010000000000003,A475,False,,False
C135,G476A,G,476,A,False,1.0178979439106377,lentivirus,unresolved,0.001358,0.01859,0.001859,G476,False,,False
C135,G476S,G,476,S,False,0.669655562520427,lentivirus,unresolved,0.001438,0.01859,0.001859,G476,False,,False
C135,T478I,T,478,I,False,2.240589957810285,lentivirus,unresolved,0.001837,0.03361,0.0017690000000000002,T478,False,,False
C135,V483I,V,483,I,False,1.0855687625702708,lentivirus,unresolved,0.001568,0.03134,0.001741,V483,False,,False
C135,V483A,V,483,A,False,1.0083374207084246,lentivirus,unresolved,0.001607,0.03134,0.001741,V483,False,,False
C135,V483F,V,483,F,False,1.3254482443844442,lentivirus,unresolved,0.0014060000000000001,0.03134,0.001741,V483,False,,False
C135,E484Q,E,484,Q,False,1.4257539925489982,lentivirus,unresolved,0.001578,0.03751,0.001974,E484,False,,False
C135,E484A,E,484,A,False,1.9069154365556005,lentivirus,unresolved,0.0016059999999999998,0.03751,0.001974,E484,False,,False
C135,E484D,E,484,D,False,1.0243898692355247,lentivirus,unresolved,0.0015550000000000002,0.03751,0.001974,E484,False,,False
C135,F490S,F,490,S,False,1.1862340601818582,lentivirus,distal,0.002817,0.03385,0.001782,F490,False,,False
C135,F490L,F,490,L,False,2.1371251765318373,lentivirus,distal,0.0013109999999999999,0.03385,0.001782,F490,False,,False
C135,Q493K,Q,493,K,False,1.4427373738398135,lentivirus,distal,0.001855,0.035910000000000004,0.001995,Q493,False,,False
C135,Q493L,Q,493,L,False,2.0141328070246463,lentivirus,distal,0.0018030000000000001,0.035910000000000004,0.001995,Q493,False,,False
C135,S494P,S,494,P,False,0.7786905449213638,lentivirus,distal,0.0009507,0.0262,0.0017469999999999999,S494,False,,False
C135,N501Y,N,501,Y,False,2.366651644006551,lentivirus,proximal,0.002768,0.055560000000000005,0.0034729999999999995,N501,False,,False
C135,V503F,V,503,F,False,1.5261055328600128,lentivirus,distal,0.001603,0.03052,0.001695,V503,False,,False
C144,R346K,R,346,K,False,0.748483624768727,lentivirus,distal,0.001622,0.02431,0.00135,R346,False,,False
C144,V367F,V,367,F,False,0.5944528569715347,lentivirus,contact,0.000784,0.02702,0.001422,V367,False,,False
C144,N439K,N,439,K,False,0.9113278276740042,lentivirus,distal,0.0016179999999999999,0.01693,0.001693,N439,False,,False
C144,K444Q,K,444,Q,False,0.7494174426909829,lentivirus,proximal,0.001483,0.027410000000000004,0.001443,K444,False,,False
C144,K444R,K,444,R,False,0.9418039654262611,lentivirus,proximal,0.001354,0.027410000000000004,0.001443,K444,False,,False
C144,V445I,V,445,I,False,0.8502410907862634,lentivirus,distal,0.001475,0.03094,0.001628,V445,False,,False
C144,G446V,G,446,V,False,1.1166222629126323,lentivirus,proximal,0.001424,0.02816,0.001482,G446,False,,False
C144,G446S,G,446,S,False,0.8502722709510836,lentivirus,proximal,0.001474,0.02816,0.001482,G446,False,,False
C144,L455R,L,455,R,True,3288.416758480068,lentivirus,contact,0.9786,9.031,0.5644,L455,False,sensitive_max_mut,True
C144,L455I,L,455,I,False,0.8369225330901113,lentivirus,contact,0.001382,9.031,0.5644,L455,False,sensitive_max_mut,True
C144,L455F,L,455,F,False,76.71433174829527,lentivirus,contact,0.8024,9.031,0.5644,L455,False,sensitive_max_mut,True
C144,F456V,F,456,V,False,186.92285372185864,lentivirus,contact,0.9523,12.59,0.899,F456,False,sensitive_max_mut,True
C144,A475V,A,475,V,False,1.3933788874090742,lentivirus,proximal,0.0015869999999999999,0.07056,0.00441,A475,False,,False
C144,A475D,A,475,D,False,1.1864905773479366,lentivirus,proximal,0.0014789999999999998,0.07056,0.00441,A475,False,,False
C144,G476A,G,476,A,False,0.9418039654262611,lentivirus,proximal,0.001437,0.02256,0.0022559999999999998,G476,False,,False
C144,G476S,G,476,S,False,0.8447711284806458,lentivirus,proximal,0.001916,0.02256,0.0022559999999999998,G476,False,,False
C144,T478I,T,478,I,False,1.2076491102748819,lentivirus,distal,0.001457,0.0267,0.001405,T478,False,,False
C144,V483I,V,483,I,False,0.8018476803527095,lentivirus,contact,0.001332,0.02502,0.00139,V483,False,,False
C144,V483A,V,483,A,False,0.7792080742921931,lentivirus,contact,0.001443,0.02502,0.00139,V483,False,,False
C144,V483F,V,483,F,False,0.8100046900802276,lentivirus,contact,0.0013160000000000001,0.02502,0.00139,V483,False,,False
C144,E484Q,E,484,Q,True,3288.778553328427,lentivirus,contact,0.991,18.44,0.9705,E484,False,sensitive_max_mut,True
C144,E484A,E,484,A,True,3286.0058100269252,lentivirus,contact,0.9733,18.44,0.9705,E484,False,sensitive_max_mut,True
C144,E484D,E,484,D,False,343.4626891092999,lentivirus,contact,0.8173,18.44,0.9705,E484,False,sensitive_max_mut,True
C144,F490S,F,490,S,False,5.156832006966598,lentivirus,contact,0.01287,10.9,0.5737,F490,False,sensitive_max_mut,True
C144,F490L,F,490,L,False,331.715309553686,lentivirus,contact,0.9670000000000001,10.9,0.5737,F490,False,sensitive_max_mut,True
C144,Q493K,Q,493,K,True,3288.2961690695242,lentivirus,contact,0.9961,11.34,0.6298,Q493,True,sensitive_max_mut,True
C144,Q493L,Q,493,L,False,35.345819668488694,lentivirus,contact,0.7195,11.34,0.6298,Q493,False,sensitive_max_mut,True
C144,S494P,S,494,P,False,62.4954703820381,lentivirus,contact,0.9048,1.092,0.07277,S494,False,sensitive_max_mut,True
C144,N501Y,N,501,Y,False,1.455531175055074,lentivirus,proximal,0.0021449999999999998,0.0278,0.001738,N501,False,,False
C144,V503F,V,503,F,False,1.1233992262882115,lentivirus,distal,0.0016120000000000002,0.026189999999999998,0.0014550000000000001,V503,False,,False
